id,conversation_id,created_at,date,time,timezone,user_id,username,name,place,tweet,mentions,urls,photos,replies_count,retweets_count,likes_count,hashtags,cashtags,link,retweet,quote_url,video,near,geo,source,user_rt_id,user_rt,retweet_id,reply_to,retweet_date,translate,trans_src,trans_dest
1189307555002175490,1189307555002175490,1572387992000,2019-10-29,22:26:32,GMT Summer Time,728699695162392576,rileyeasterart,Riley Easter ü¶ç,,"I know Alex Jones was kicked off youtube for good reason, but I would have loved to hear him do an ad read for Raid: Shadow Legends.",[],[],[],0,1,1,[],[],https://twitter.com/RileyEasterArt/status/1189307555002175490,False,,0,,,,,,,"[{'user_id': '728699695162392576', 'username': 'RileyEasterArt'}]",,,,
1189279029347672065,1189279029347672065,1572381190000,2019-10-29,20:33:10,GMT Summer Time,1100185089416269824,ramenbomber,Bomber,,Raid Shadow Legends must be giving out so much money for paid promotions if so many YouTubers are doing ads for it LOL,[],[],[],1,0,3,[],[],https://twitter.com/RamenBomber/status/1189279029347672065,False,,0,,,,,,,"[{'user_id': '1100185089416269824', 'username': 'RamenBomber'}]",,,,
1189239632288014336,1189239632288014336,1572371797000,2019-10-29,17:56:37,GMT Summer Time,1067350922597064705,moonfangirling,#SheraS5Spoilers,,I don't even play Raid: Shadow Legends but I do look forward to their ads.,[],[],[],0,0,0,[],[],https://twitter.com/MoonFangirling/status/1189239632288014336,False,,0,,,,,,,"[{'user_id': '1067350922597064705', 'username': 'MoonFangirling'}]",,,,
1189193809176825858,1189145971567017986,1572360872000,2019-10-29,14:54:32,GMT Summer Time,1117313212628652033,happybrownbox,bruno !,,my face when i get the raid shadow legends ad,['gobypizza'],[],[],0,0,0,[],[],https://twitter.com/happybrownbox/status/1189193809176825858,False,,0,,,,,,,"[{'user_id': '1117313212628652033', 'username': 'happybrownbox'}, {'user_id': '1072747855016714241', 'username': 'gobypizza'}]",,,,
1189167884968300544,1189167884968300544,1572354692000,2019-10-29,13:11:32,GMT Summer Time,960003197418049537,calbexd,Caleb for VPüåπüåªüåÖ,,I shouldn't have to double tap my screen 24 times to skip a raid shadow legends ad,[],[],[],0,0,2,[],[],https://twitter.com/CalbeXD/status/1189167884968300544,False,,0,,,,,,,"[{'user_id': '960003197418049537', 'username': 'CalbeXD'}]",,,,
1189134188814856193,1189013066266152963,1572346658000,2019-10-29,10:57:38,GMT Summer Time,1129916051427225600,ashgreycleans,Ash Grey,,Rather watch one of those RAID: SHADOW LEGENDS YouTube ads tbh.,"['kungfuman316', 'catovitch']",[],[],0,0,1,[],[],https://twitter.com/AshGreyCleans/status/1189134188814856193,False,,0,,,,,,,"[{'user_id': '1129916051427225600', 'username': 'AshGreyCleans'}, {'user_id': '283043739', 'username': 'kungfuman316'}, {'user_id': '18783993', 'username': 'catovitch'}]",,,,
1189072404531863552,1189072404531863552,1572331927000,2019-10-29,06:52:07,GMT Summer Time,3371618675,callmetopaz01,Trappist,,"I‚Äôve lived through the phase in YouTube advertising where every video would be a Raid Shadow Legends ad. 
Dark days I tell ya.",[],[],[],0,0,1,[],[],https://twitter.com/CallMeTopaz01/status/1189072404531863552,False,,0,,,,,,,"[{'user_id': '3371618675', 'username': 'CallMeTopaz01'}]",,,,
1189052155493322752,1189052155493322752,1572327100000,2019-10-29,05:31:40,GMT Summer Time,1069422894613258241,sidney_rushed,sid,,What if hell is a neverending ad for raid shadow legends,[],[],[],0,0,6,[],[],https://twitter.com/sidney_rushed/status/1189052155493322752,False,,0,,,,,,,"[{'user_id': '1069422894613258241', 'username': 'sidney_rushed'}]",,,,
1189026257079603200,1189026257079603200,1572320925000,2019-10-29,03:48:45,GMT Summer Time,835732965246238720,warmbreadsticks,dirk/cera,,If i see. ONE MORE AD FOR RAID SHADOW LEGENDS.  pic.twitter.com/WrewogK3bg,[],[],['https://pbs.twimg.com/media/EIBFFDYW4AQpAzl.jpg'],0,0,2,[],[],https://twitter.com/WarmBreadsticks/status/1189026257079603200,False,,0,,,,,,,"[{'user_id': '835732965246238720', 'username': 'WarmBreadsticks'}]",,,,
1189003846691020801,1189003846691020801,1572315582000,2019-10-29,02:19:42,GMT Summer Time,856887654335606786,gaybitchwizard,William Shakesqueer,,The Year is 2036. the government is desperate to get money into the economy any way necessary. the president prepares to make a speech. it starts with an ad for Raid: Shadow Legends,[],[],[],0,0,0,[],[],https://twitter.com/gaybitchwizard/status/1189003846691020801,False,,0,,,,,,,"[{'user_id': '856887654335606786', 'username': 'gaybitchwizard'}]",,,,
1189001915000078339,1189001915000078339,1572315121000,2019-10-29,02:12:01,GMT Summer Time,3000818115,glacial_warrior,Glacial Warrior,,"You know, you‚Äôd think Raid: Shadow Legends would have at least a few decently large YouTube personalities talking about it of their own volition if it‚Äôs actually that good, yet the only time I see it, it‚Äôs either a regular ad or someone being sponsored by it. Hmmm... ü§î",[],[],[],0,0,0,[],[],https://twitter.com/Glacial_Warrior/status/1189001915000078339,False,,0,,,,,,,"[{'user_id': '3000818115', 'username': 'Glacial_Warrior'}]",,,,
1189000829027717120,1189000829027717120,1572314862000,2019-10-29,02:07:42,GMT Summer Time,1075509050,epicmew2,EpicMew2 ‚ùº Road to 2.5K #DASquad,,Is this a Raid Shadow Legends ad?  https://twitter.com/TheCWSupergirl/status/1188696936372670465¬†‚Ä¶,[],['https://twitter.com/TheCWSupergirl/status/1188696936372670465'],[],1,0,1,[],[],https://twitter.com/EpicMew2/status/1189000829027717120,False,https://twitter.com/TheCWSupergirl/status/1188696936372670465,0,,,,,,,"[{'user_id': '1075509050', 'username': 'EpicMew2'}]",,,,
1188957380068986881,1188957380068986881,1572304503000,2019-10-28,23:15:03,GMT Summer Time,220467734,lewisjfc,Lewis Cox ‚úåÔ∏è,,"Can YouTube stop messing around with ad monetisation so I don‚Äôt have to hear my favourite content creators grit their teeth as they advertise Raid: Shadow Legends, Dollar Shave Club and NordVPN for the one millionth time.",[],[],[],1,1,3,[],[],https://twitter.com/LewisJFC/status/1188957380068986881,False,,0,,,,,,,"[{'user_id': '220467734', 'username': 'LewisJFC'}]",,,,
1188940486553284609,1188940486553284609,1572300476000,2019-10-28,22:07:56,GMT Summer Time,1315495158,c_hoffmanni,slotheskerü¶•,,This tweet is brought to you by Raid: Shadow Legends #ad,[],[],[],1,2,7,['#ad'],[],https://twitter.com/C_hoffmanni/status/1188940486553284609,False,,0,,,,,,,"[{'user_id': '1315495158', 'username': 'C_hoffmanni'}]",,,,
1188921249378000896,1188921249378000896,1572295889000,2019-10-28,20:51:29,GMT Summer Time,3388542013,_streetfightah,„Äå Brandon „Äç PSN: Streetfightah-,,If I see another raid shadow legends ad on YouTube somebody is getting cut,[],[],[],0,0,0,[],[],https://twitter.com/_Streetfightah/status/1188921249378000896,False,,0,,,,,,,"[{'user_id': '3388542013', 'username': '_Streetfightah'}]",,,,
1188903951271260160,1188903951271260160,1572291765000,2019-10-28,19:42:45,GMT Summer Time,715623245974614017,beeliosis,bee? ü¶ß,,"there are three ads on YouTube
‚Ä¢LETS PLAY RAID SHADOW LEGENDS
‚Ä¢google stadia ad that yells at you
‚Ä¢prageru saying racism isn‚Äôt bad actually",[],[],[],0,0,3,[],[],https://twitter.com/beeliosis/status/1188903951271260160,False,,0,,,,,,,"[{'user_id': '715623245974614017', 'username': 'beeliosis'}]",,,,
1188885684347658240,1188885684347658240,1572287410000,2019-10-28,18:30:10,GMT Summer Time,2376972501,jjacc_b,Jac,,"Remember the days before raid shadow legends ads on every video?

Those were peaceful times",[],[],[],0,0,0,[],[],https://twitter.com/jjacc_b/status/1188885684347658240,False,,0,,,,,,,"[{'user_id': '2376972501', 'username': 'jjacc_b'}]",,,,
1188883047254581248,1188881123146981377,1572286781000,2019-10-28,18:19:41,GMT Summer Time,159664704,mmare88,kermit tthe fron g,,this and the RAID: SHADOW LEGENDS ads are classic,['burntasstoast_'],[],[],0,0,1,[],[],https://twitter.com/mmare88/status/1188883047254581248,False,,0,,,,,,,"[{'user_id': '159664704', 'username': 'mmare88'}, {'user_id': '576502429', 'username': 'burntasstoast_'}]",,,,
1188840806049816576,1188840806049816576,1572276710000,2019-10-28,15:31:50,GMT Summer Time,3796377827,dumdimdumdum,Cory @ Home,,"Imagine taking money to place an ad for a shitty mobile game

This tweet is sponsored by Raid: Shadow Legends",[],[],[],1,0,5,[],[],https://twitter.com/Dumdimdumdum/status/1188840806049816576,False,,0,,,,,,,"[{'user_id': '3796377827', 'username': 'Dumdimdumdum'}]",,,,
1188773077498257410,1188770028834807808,1572260562000,2019-10-28,11:02:42,GMT Summer Time,4506681312,hyranarts,Hyran,,Just play Raid: Shadow Legends on mobile. It‚Äôs absolutely free and it‚Äôs a blast. Thankyou Raid for sponsoring this tweet #ad,['kaytorahk'],[],[],0,0,1,['#ad'],[],https://twitter.com/HyranArts/status/1188773077498257410,False,,0,,,,,,,"[{'user_id': '4506681312', 'username': 'HyranArts'}, {'user_id': '835314708424994817', 'username': 'Kaytorahk'}]",,,,
1188698349249036288,1188698349249036288,1572242746000,2019-10-28,06:05:46,GMT Summer Time,1084321139743019008,friskykremejoel,Frisky Kreme-Joel,,"You know what grinds my gears.
Everytime I watch a random video on Youtube, and the video starts off with a sponsored ad of Raid Shadow Legends on mobile. When that happens, I'm like ""Fuck off, no one cares about shitty mobile games.""",[],[],[],1,0,1,[],[],https://twitter.com/friskykremejoel/status/1188698349249036288,False,,0,,,,,,,"[{'user_id': '1084321139743019008', 'username': 'friskykremejoel'}]",,,,
1188654601991405568,1188654601991405568,1572232315000,2019-10-28,03:11:55,GMT Summer Time,974827384410030080,fuckbakugo,Joker's Hairy ballsack,,"YouTube: *removes ads from their creators*
Raid: Shadow Legends:  pic.twitter.com/WwVtim3Yrf",[],[],['https://pbs.twimg.com/media/EH7zDoNU0AAiWmk.jpg'],0,0,1,[],[],https://twitter.com/FuckBakugo/status/1188654601991405568,False,,0,,,,,,,"[{'user_id': '974827384410030080', 'username': 'FuckBakugo'}]",,,,
1188620693627457536,1188620693627457536,1572224231000,2019-10-28,00:57:11,GMT Summer Time,3301946062,thehazeknightyt,TheHazeKnight,,Pornhub videos but there's an ad for Raid: Shadow Legends before the video starts,[],[],[],1,0,11,[],[],https://twitter.com/TheHazeKnightYT/status/1188620693627457536,False,,0,,,,,,,"[{'user_id': '3301946062', 'username': 'TheHazeKnightYT'}]",,,,
1188457267626008576,1188457267626008576,1572185267000,2019-10-27,14:07:47,GMT Summer Time,2607423696,thejuh0,Daydreamer,,I got this as a recommended video but the ad after the while video is Raid: Shadow Legends... ü§î @Foekoe pic.twitter.com/CYqU9r31cC,['foekoe'],[],['https://pbs.twimg.com/media/EH4_kqeUwAAzPsM.jpg'],0,0,1,[],[],https://twitter.com/TheJuh0/status/1188457267626008576,False,,0,,,,,,,"[{'user_id': '2607423696', 'username': 'TheJuh0'}, {'user_id': '713730992696074240', 'username': 'Foekoe'}]",,,,
1188403587853893633,1188403587853893633,1572172469000,2019-10-27,10:34:29,GMT Summer Time,1279228843,hero_fatimus,Stat Fat Heroes,,I'll be honest @YouTube. I don't fucking want to play Raid Shadow Legends. Your ad haunts me.,['youtube'],[],[],0,0,1,[],[],https://twitter.com/Hero_Fatimus/status/1188403587853893633,False,,0,,,,,,,"[{'user_id': '1279228843', 'username': 'Hero_Fatimus'}, {'user_id': '10228272', 'username': 'YouTube'}]",,,,
1188300405177905155,1188300405177905155,1572147868000,2019-10-27,03:44:28,GMT Summer Time,3545779332,bumblbrad,Brad üçÉ,,If I see one more fucking Raid Shadow Legends ad I am going to lose it,[],[],[],3,2,19,[],[],https://twitter.com/BumblBrad/status/1188300405177905155,False,,0,,,,,,,"[{'user_id': '3545779332', 'username': 'BumblBrad'}]",,,,
1188241633860575232,1188241633860575232,1572133856000,2019-10-27,00:50:56,GMT Summer Time,3312747180,viewtifulpup,Beanald Tamer,,If i download raid shadow legends will they stop buying ad space on every game adjacent youtbe channel?,[],[],[],1,0,0,[],[],https://twitter.com/ViewtifulPup/status/1188241633860575232,False,,0,,,,,,,"[{'user_id': '3312747180', 'username': 'ViewtifulPup'}]",,,,
1188221836586377216,1188221836586377216,1572129136000,2019-10-26,23:32:16,GMT Summer Time,875158792090009601,shawntrex04,RedTrex,,"@LazarBeamYT
I just saw a raid shadow legends ad with your sister in it üòÇ looks like she going somewhere",['lazarbeamyt'],[],[],0,0,0,[],[],https://twitter.com/shawntrex04/status/1188221836586377216,False,,0,,,,,,,"[{'user_id': '875158792090009601', 'username': 'shawntrex04'}, {'user_id': '1196547152190877696', 'username': 'LazarBeamYT'}]",,,,
1188221712715915264,1188221712715915264,1572129107000,2019-10-26,23:31:47,GMT Summer Time,1159818086121390084,bigboybingus,bronguis (brotinotiar),,ive never seen a raid shadow legends ad where they talk about the gameplay,[],[],[],2,0,14,[],[],https://twitter.com/bigboybingus/status/1188221712715915264,False,,0,,,,,,,"[{'user_id': '1159818086121390084', 'username': 'bigboybingus'}]",,,,
1188218998573416459,1188218998573416459,1572128459000,2019-10-26,23:20:59,GMT Summer Time,4191000135,boa19foxes,üåüa19foxüåü (i love you all),,I swear raid shadow legends is the equivalent of those awful mobile ads on mobile YouTube. In the case they don't stop fucking appearing,[],[],[],0,0,4,[],[],https://twitter.com/boa19foxes/status/1188218998573416459,False,,0,,,,,,,"[{'user_id': '4191000135', 'username': 'boa19foxes'}]",,,,
1188191062428393472,1188191062428393472,1572121799000,2019-10-26,21:29:59,GMT Summer Time,1126511092266565632,didngames,Melee Cazoo | Didn't You Know Video Games?,,"Who here's ready for some RAID SHADOW LEGENDS @plarium @raidrpg
 https://youtu.be/tT4BWTPNDJI¬†
#Raidshadowlegends #gaming #YouTuber #advertisements #youtube #ads","['plarium', 'raidrpg']",['https://youtu.be/tT4BWTPNDJI'],[],0,0,0,"['#raidshadowlegends', '#gaming', '#youtuber', '#advertisements', '#youtube', '#ads']",[],https://twitter.com/DidnGames/status/1188191062428393472,False,,0,,,,,,,"[{'user_id': '1126511092266565632', 'username': 'DidnGames'}, {'user_id': '281616947', 'username': 'plarium'}, {'user_id': '1009761613870706690', 'username': 'RaidRPG'}]",,,,
1188171548680736769,1188170615200632833,1572117147000,2019-10-26,20:12:27,GMT Summer Time,997358603634913280,stranded_tacos,Stranded_Tacos,,"I just wanted an excuse to talk about raid shadow legends, it‚Äôs getting pretty annoying that every YouTube video there‚Äôs a ad for that game",[],[],[],2,0,9,[],[],https://twitter.com/Stranded_Tacos/status/1188171548680736769,False,,0,,,,,,,"[{'user_id': '997358603634913280', 'username': 'Stranded_Tacos'}]",,,,
1187785186429280256,1187785186429280256,1572025031000,2019-10-25,18:37:11,GMT Summer Time,2269886606,exinferni77,ShepInferni,,If I see one more ad for Raid: Shadow Legends on YouTube I'm going to yeet myself out the nearest window.,[],[],[],0,0,0,[],[],https://twitter.com/ExInferni77/status/1187785186429280256,False,,0,,,,,,,"[{'user_id': '2269886606', 'username': 'ExInferni77'}]",,,,
1187768683332014080,1187768683332014080,1572021096000,2019-10-25,17:31:36,GMT Summer Time,2898930489,liamkai02,liam.2CD,,This tweet like every YouTube video on the planet right now is sponsored by raid shadow legends #ad,[],[],[],0,0,1,['#ad'],[],https://twitter.com/liamkai02/status/1187768683332014080,False,,0,,,,,,,"[{'user_id': '2898930489', 'username': 'liamkai02'}]",,,,
1187653429650448384,1187350287566159872,1571993617000,2019-10-25,09:53:37,GMT Summer Time,1089948469639417863,lducc2,LilDucc üáÆüáπ,,Ight time to hate on gambling ads and promote RAID SHADOW LEGENDS FOR THE REST OF MY LIFE,['pyrojoe'],[],[],0,0,0,[],[],https://twitter.com/LDucc2/status/1187653429650448384,False,,0,,,,,,,"[{'user_id': '1089948469639417863', 'username': 'LDucc2'}, {'user_id': '3347934922', 'username': 'PyroJoe'}]",,,,
1187619043337015298,1187619043337015298,1571985419000,2019-10-25,07:36:59,GMT Summer Time,3001104808,kayjayfin,KayJay,,"Here's a new drinking game for you guys:

Just start to watch something on Youtube and every time you see an ad or a sponsored message for Raid Shadow Legends, you'll drink. 

Have fun.",[],[],[],5,0,13,[],[],https://twitter.com/KayJayFIN/status/1187619043337015298,False,,0,,,,,,,"[{'user_id': '3001104808', 'username': 'KayJayFIN'}]",,,,
1187546068512194560,1187546068512194560,1571968020000,2019-10-25,02:47:00,GMT Summer Time,927789647089909760,kinginamonman,king,,RAID: Shadow Legends ads are better than Mobile Legends ads. Mobile Legends ads are cringey as f-,[],[],[],0,0,0,[],[],https://twitter.com/kinginamonman/status/1187546068512194560,False,,0,,,,,,,"[{'user_id': '927789647089909760', 'username': 'kinginamonman'}]",,,,
1187544977213132800,1187350287566159872,1571967760000,2019-10-25,02:42:40,GMT Summer Time,904817203933044736,abisexualtwink,Brie,,"A Raid Shadow Legends ads just annoying, this is literally promoting *illegal activity* to minors","['bucket2fort', 'pyrojoe']",[],[],0,0,0,[],[],https://twitter.com/ABisexualTwink/status/1187544977213132800,False,,0,,,,,,,"[{'user_id': '904817203933044736', 'username': 'ABisexualTwink'}, {'user_id': '1075399981509545984', 'username': 'Bucket2fort'}, {'user_id': '3347934922', 'username': 'PyroJoe'}]",,,,
1187433273791799296,1187433273791799296,1571941128000,2019-10-24,19:18:48,GMT Summer Time,2508706429,flexeddie3,Flex Eddie,,Out of all the Raid Shadow Legends ads i've seen on Youtube @ChrisVanVliet s ad actually made me download the game,['chrisvanvliet'],[],[],0,0,1,[],[],https://twitter.com/FlexEddie3/status/1187433273791799296,False,,0,,,,,,,"[{'user_id': '2508706429', 'username': 'FlexEddie3'}, {'user_id': '21343127', 'username': 'ChrisVanVliet'}]",,,,
1187371847760990208,1187371847760990208,1571926483000,2019-10-24,15:14:43,GMT Summer Time,830041443137966080,jamesyhb,James Baker,,"@TheWeeklyPlanet thank you so much for not falling victim to the 'raid shadow legends' ad pandemic, I know you choose your ads wisely (I genuinely love the products!), and it's refreshing for someone to say no",['theweeklyplanet'],[],[],0,0,0,[],[],https://twitter.com/JamesYHB/status/1187371847760990208,False,,0,,,,,,,"[{'user_id': '830041443137966080', 'username': 'JamesYHB'}, {'user_id': '3294382995', 'username': 'TheWeeklyPlanet'}]",,,,
1187354175312674816,1187350287566159872,1571922270000,2019-10-24,14:04:30,GMT Summer Time,1075399981509545984,bucket2fort,the,,Hey at least it‚Äôs not a raid shadow legends ad.,['pyrojoe'],[],[],2,0,1,[],[],https://twitter.com/Bucket2fort/status/1187354175312674816,False,,0,,,,,,,"[{'user_id': '1075399981509545984', 'username': 'Bucket2fort'}, {'user_id': '3347934922', 'username': 'PyroJoe'}]",,,,
1187335729862590464,1186698113614041089,1571917872000,2019-10-24,12:51:12,GMT Summer Time,1158557608397234177,srcrisp_,srcrisp,,Raid shadow legends but with even more annoying sponsored ads,['callmecarsonyt'],[],[],0,0,2,[],[],https://twitter.com/srcrisp_/status/1187335729862590464,False,,0,,,,,,,"[{'user_id': '1158557608397234177', 'username': 'srcrisp_'}, {'user_id': '2349536690', 'username': 'CallMeCarsonYT'}]",,,,
1187309736472875009,1187262968334962688,1571911674000,2019-10-24,11:07:54,GMT Summer Time,971218604707344384,draconicguy6969,Gassygastly,,I swear to god if you make a video and it has a raid shadow legends ad on it i will unsubscribe,['bowblax'],[],[],0,0,0,[],[],https://twitter.com/draconicguy6969/status/1187309736472875009,False,,0,,,,,,,"[{'user_id': '971218604707344384', 'username': 'draconicguy6969'}, {'user_id': '265628902', 'username': 'Bowblax'}]",,,,
1187257893281828864,1187257893281828864,1571899314000,2019-10-24,07:41:54,GMT Summer Time,224439078,krionstudio,Krion,,2019 will be the year of RAID Shadow Legends ads...  pic.twitter.com/J4ASPliLg9,[],[],"['https://pbs.twimg.com/media/EHn8wiiXUAAVG1v.jpg', 'https://pbs.twimg.com/media/EHn8wu-XkAAE3_8.jpg']",0,0,0,[],[],https://twitter.com/KrionStudio/status/1187257893281828864,False,,0,,,,,,,"[{'user_id': '224439078', 'username': 'KrionStudio'}]",,,,
1187146330109558784,1187076161332895744,1571872715000,2019-10-24,00:18:35,GMT Summer Time,3167130131,justsomehouse,Knox,,i hope every episode begins with a raid shadow legends sponsorship ad,['hbjohnxuandou'],[],[],0,0,35,[],[],https://twitter.com/justsomehouse/status/1187146330109558784,False,,0,,,,,,,"[{'user_id': '3167130131', 'username': 'justsomehouse'}, {'user_id': '150052591', 'username': 'HBJohnXuandou'}]",,,,
1187126359627386881,1187126359627386881,1571867954000,2019-10-23,22:59:14,GMT Summer Time,2860886225,bee_sting_owie,mark,,imagine if there were ads on porn videos like some dude is drilling some chicks asshole and suddenly starts advertising raid shadow legends,[],[],[],0,0,0,[],[],https://twitter.com/bee_sting_owie/status/1187126359627386881,False,,0,,,,,,,"[{'user_id': '2860886225', 'username': 'bee_sting_owie'}]",,,,
1187109806827560960,1187109806827560960,1571864008000,2019-10-23,21:53:28,GMT Summer Time,221460337,omerkohla,Kohla,,"Internet ads in the 2000s: hello sir are you interested in hp printers?
No? okay very sorry to disturb you sir

Ads these days:SEX DRUGS PENIS ENLARGEMENT 
RAID SHADOW LEGENDS TRY FREE
You pressed x? Too bad that x doesnt close the add",[],[],[],0,0,4,[],[],https://twitter.com/omerkohla/status/1187109806827560960,False,,0,,,,,,,"[{'user_id': '221460337', 'username': 'omerkohla'}]",,,,
1187078876184236032,1187078876184236032,1571856633000,2019-10-23,19:50:33,GMT Summer Time,2961939997,yaboybert11,YaBoyBert,,Nobody:                                                       YouTube Ads: LETS PLAY RAID SHADOW LEGENDS,[],[],[],0,0,0,[],[],https://twitter.com/YaBoyBert11/status/1187078876184236032,False,,0,,,,,,,"[{'user_id': '2961939997', 'username': 'YaBoyBert11'}]",,,,
1187023232387485699,1187023221650006016,1571843367000,2019-10-23,16:09:27,GMT Summer Time,1259976204,lazybonestv,Michael-aneous,,You wake up with a start. You've fallen asleep at your table. An ad is playing in the middle of the youtube video you were watching. Its for Raid: Shadow Legends.,[],[],[],0,0,2,[],[],https://twitter.com/LazybonesTV/status/1187023232387485699,False,,0,,,,,,,"[{'user_id': '1259976204', 'username': 'LazybonesTV'}]",,,,
1187023224925839360,1187023221650006016,1571843365000,2019-10-23,16:09:25,GMT Summer Time,1259976204,lazybonestv,Michael-aneous,,"You get onto the highway, and suddenly a bird splats on your windshield. The viscera spells Raid: Shadow Legends. You spiral out of control and crash into a Ad Truck displaying Raid: Shadow Legends.",[],[],[],1,0,2,[],[],https://twitter.com/LazybonesTV/status/1187023224925839360,False,,0,,,,,,,"[{'user_id': '1259976204', 'username': 'LazybonesTV'}]",,,,
1187023223025754114,1187023221650006016,1571843364000,2019-10-23,16:09:24,GMT Summer Time,1259976204,lazybonestv,Michael-aneous,,"Your phone rings; it's Raid: Shadow Legends. You leave your apartment, you see a billboard; Raid: Shadow Legends. You get in your car; the first ad on your radio is Raid: Shadow Legends.",[],[],[],1,0,2,[],[],https://twitter.com/LazybonesTV/status/1187023223025754114,False,,0,,,,,,,"[{'user_id': '1259976204', 'username': 'LazybonesTV'}]",,,,
1187023221650006016,1187023221650006016,1571843364000,2019-10-23,16:09:24,GMT Summer Time,1259976204,lazybonestv,Michael-aneous,,You watch a youtube video. There's an ad for Raid: Shadow Legends. The video is sponsored by Raid: Shadow Legends. There's another midroll ad for Raid: Shadow Legends.,[],[],[],2,0,4,[],[],https://twitter.com/LazybonesTV/status/1187023221650006016,False,,0,,,,,,,"[{'user_id': '1259976204', 'username': 'LazybonesTV'}]",,,,
1186905147689066496,1186835801939660800,1571815213000,2019-10-23,08:20:13,GMT Summer Time,1021548025569837056,eranhelbitz,The Only True Gamer,,"I support Dan the landlord and u should too!

(This tweet was sponsored by Raid: Shadow Legends #ad)",['claudiabrown100'],[],[],0,0,7,['#ad'],[],https://twitter.com/EranHelbitz/status/1186905147689066496,False,,0,,,,,,,"[{'user_id': '1021548025569837056', 'username': 'EranHelbitz'}, {'user_id': '1146762497061376001', 'username': 'ClaudiaBrown100'}]",,,,
1186793187035222018,1186793187035222018,1571788519000,2019-10-23,00:55:19,GMT Summer Time,4338353592,tsrcage_x,Possibly Stupid,,"Imma be real with you YouTube ads
I don't wanna play raid shadow legends",[],[],[],0,1,4,[],[],https://twitter.com/TSRCage_X/status/1186793187035222018,False,,0,,,,,,,"[{'user_id': '4338353592', 'username': 'TSRCage_X'}]",,,,
1186784549105213440,1186784549105213440,1571786460000,2019-10-23,00:21:00,GMT Summer Time,989127635614789634,towe_mason,Mason Towe,,The irony of a Raid: Shadow Legends ad before a @MittenSquad video pic.twitter.com/JW1shzWsFV,['mittensquad'],[],['https://pbs.twimg.com/media/EHhOQOPWoAAcOxy.jpg'],0,0,0,[],[],https://twitter.com/towe_mason/status/1186784549105213440,False,,0,,,,,,,"[{'user_id': '989127635614789634', 'username': 'towe_mason'}, {'user_id': '2859947739', 'username': 'MittenSquad'}]",,,,
1186751610799771648,1186751610799771648,1571778607000,2019-10-22,22:10:07,GMT Summer Time,1034550072820813824,wahckoshroom,WahckoShroom,,if you dare enter youtube you must be prepared for millions of league of legend ads and raid shadow legend sponsors,[],[],[],0,0,2,[],[],https://twitter.com/WahckoShroom/status/1186751610799771648,False,,0,,,,,,,"[{'user_id': '1034550072820813824', 'username': 'WahckoShroom'}]",,,,
1186729128776458240,1186728807035785216,1571773247000,2019-10-22,20:40:47,GMT Summer Time,3183019908,savinthebees,Plathanos üêùüá©üá¥ #HIVESZN,,"Raid Shadow Legends ad: Forget everything you know about mobile games!

Me: wha-

Ad: I SAID FORGET EVERYTHI-  pic.twitter.com/rQGVFEhx38",['mreatyabooty'],[],['https://pbs.twimg.com/media/EHgb2mQUEAADzoO.jpg'],1,2,44,[],[],https://twitter.com/SavinTheBees/status/1186729128776458240,False,,0,,,,,,,"[{'user_id': '3183019908', 'username': 'SavinTheBees'}, {'user_id': '2780917519', 'username': 'MrEatYaBooty'}]",,,,
1186728807035785216,1186728807035785216,1571773170000,2019-10-22,20:39:30,GMT Summer Time,2780917519,mreatyabooty,Matt Bootyüêù,,"Raid Shadow Legends ad: Forget everything you know about mobile games!

Me: wha-

Ad: I SAID FORGET EVERYTHI-  pic.twitter.com/dHZIEUdoMR",[],[],['https://pbs.twimg.com/media/EHgbj3VX4AUhaK6.jpg'],2,6,85,[],[],https://twitter.com/MrEatYaBooty/status/1186728807035785216,False,,0,,,,,,,"[{'user_id': '2780917519', 'username': 'MrEatYaBooty'}]",,,,
1186725109450661888,1186725109450661888,1571772289000,2019-10-22,20:24:49,GMT Summer Time,1007678850149601280,sandedbagman,sandedbagman,,IF I SEE ONE MORE GOD DAMN AD FOR RAID SHADOW LEGENDS HOLY SHIT,[],[],[],0,1,1,[],[],https://twitter.com/sandedbagman/status/1186725109450661888,False,,0,,,,,,,"[{'user_id': '1007678850149601280', 'username': 'sandedbagman'}]",,,,
1186718553275170816,1186718553275170816,1571770725000,2019-10-22,19:58:45,GMT Summer Time,4702421078,galactic_c,Galactic_C,,"#ad #sponsored
Hey you there, why not play RAID Shadow legends, the game that have stunning graphics, amazing character designs, rich gameplay and an amazing sotry, but what if you don't want to get hacked while playing Raid Shadow legends?...That is why NordVPN is here for.",[],[],[],1,0,0,"['#ad', '#sponsored']",[],https://twitter.com/Galactic_C/status/1186718553275170816,False,,0,,,,,,,"[{'user_id': '4702421078', 'username': 'Galactic_C'}]",,,,
1186718209443012609,1186718209443012609,1571770643000,2019-10-22,19:57:23,GMT Summer Time,1171678424148127744,mischief_more,More Feihcsiim,,I knew there was a new Star Wars trailer not because of any official announcement but because YouTube was flooded with videos of thirty something balding losers reacting to a 2 minute long trailer in a 40+ minute long video full of ads and sponsored by Raid Shadow Legends,[],[],[],11,82,274,[],[],https://twitter.com/mischief_more/status/1186718209443012609,False,,0,,,,,,,"[{'user_id': '1171678424148127744', 'username': 'mischief_more'}]",,,,
1186552476977119232,1186552476977119232,1571731130000,2019-10-22,08:58:50,GMT Summer Time,1017301456058109952,melonboi2,Post Melon,,"Bro I‚Äôm just tryna grind some gems in my mobile app game by watching some ads but when I get the Raid: Shadow Legends ad, I never get my gems. What a rip off bro. Never downloading the game. üòí",[],[],[],0,0,0,[],[],https://twitter.com/MelonBoi2/status/1186552476977119232,False,,0,,,,,,,"[{'user_id': '1017301456058109952', 'username': 'MelonBoi2'}]",,,,
1186521479086837761,1186521479086837761,1571723739000,2019-10-22,06:55:39,GMT Summer Time,635600932,dovesgraceful,gone.,,just got a raid: shadow legends ad in my dream and woke up crying,[],[],[],0,0,1,[],[],https://twitter.com/dovesgraceful/status/1186521479086837761,False,,0,,,,,,,"[{'user_id': '635600932', 'username': 'dovesgraceful'}]",,,,
1186515891808284672,1186515891808284672,1571722407000,2019-10-22,06:33:27,GMT Summer Time,54295923,cynthiaelzanne,Elzanne Wright,,Boyfriends playing #CoDMobile and an ad for raid shadow legends done by @tannar showed up. #gotannar,['tannar'],[],[],0,0,0,"['#codmobile', '#gotannar']",[],https://twitter.com/CynthiaElzanne/status/1186515891808284672,False,,0,,,,,,,"[{'user_id': '54295923', 'username': 'CynthiaElzanne'}, {'user_id': '1724958751', 'username': 'tannar'}]",,,,
1186464553221140480,1186464075372552192,1571710167000,2019-10-22,03:09:27,GMT Summer Time,996152194348003328,raccinette,first edition gamer girl,,I get excited when I see an ad that isn‚Äôt raid shadow legends,['kecl3on'],[],[],0,0,1,[],[],https://twitter.com/Raccinette/status/1186464553221140480,False,,0,,,,,,,"[{'user_id': '996152194348003328', 'username': 'Raccinette'}, {'user_id': '4475415435', 'username': 'kecl3on'}]",,,,
1186463566037164037,1186463566037164037,1571709932000,2019-10-22,03:05:32,GMT Summer Time,979042082,sermonslut,Richard Mason,,Rumor has it that before you die you see an ad for Raid Shadow Legends.,[],[],[],0,1,1,[],[],https://twitter.com/SermonSlut/status/1186463566037164037,False,,0,,,,,,,"[{'user_id': '979042082', 'username': 'SermonSlut'}]",,,,
1186447188655775744,1186416511981969408,1571706027000,2019-10-22,02:00:27,GMT Summer Time,1129808607242051585,rad_shiba_,Rad Shiba,,8 minute Raid Shadow Legends ad,[],[],[],0,0,0,[],[],https://twitter.com/rad_shiba_/status/1186447188655775744,False,,0,,,,,,,"[{'user_id': '1129808607242051585', 'username': 'rad_shiba_'}]",,,,
1186439017354661888,1186439017354661888,1571704079000,2019-10-22,01:27:59,GMT Summer Time,1152272599046590464,thesungodxd,Anthony Pontecorvo,,I hate the Twitter bird with its dumb ass face and a stupid little wing. It‚Äôs the worst shade of blue and the beak just looks like two triangles.I almost hate the Twitter bird as much as I hate seeing a RAID SHADOW LEGENDS AD! #freemeek,[],[],[],1,1,5,['#freemeek'],[],https://twitter.com/TheSunGodxd/status/1186439017354661888,False,,0,,,,,,,"[{'user_id': '1152272599046590464', 'username': 'TheSunGodxd'}]",,,,
1186410093614522369,1186410093614522369,1571697183000,2019-10-21,23:33:03,GMT Summer Time,4739510328,_adamsbr,adam,,"i need to know the target audience for raid: shadow legends...

i don't know a single person who plays that damn game yet somehow they've got enough money to pump out multiple ads that look like they've been made with the production value of the next avengers movie",[],[],[],2,0,11,[],[],https://twitter.com/_adamsbr/status/1186410093614522369,False,,0,,,,,,,"[{'user_id': '4739510328', 'username': '_adamsbr'}]",,,,
1186375257642491906,1186374594103533569,1571688877000,2019-10-21,21:14:37,GMT Summer Time,1011066264326942721,blssyt,Blss (on youtube),,Raid shadow legends ad inbound,['keemstar'],[],[],0,0,0,[],[],https://twitter.com/BlssYT/status/1186375257642491906,False,,0,,,,,,,"[{'user_id': '1011066264326942721', 'username': 'BlssYT'}, {'user_id': '872683897', 'username': 'KEEMSTAR'}]",,,,
1186366244481572864,1186242540527325184,1571686728000,2019-10-21,20:38:48,GMT Summer Time,866014452726063104,rid13y,Ridley,,"Yeah sponsor ads can be annoying but also it‚Äôs not hard to just fast forward through. And sometimes it actually is something cool, like RAID SHADOW LEGENDS DOWNLOAD NOW FOR FREE",['rabbidluigi'],[],[],0,0,0,[],[],https://twitter.com/Rid13y/status/1186366244481572864,False,,0,,,,,,,"[{'user_id': '866014452726063104', 'username': 'Rid13y'}, {'user_id': '349630268', 'username': 'rabbidluigi'}]",,,,
1186345850693476352,1186345850693476352,1571681866000,2019-10-21,19:17:46,GMT Summer Time,923968011622633472,paul_chan_,Paul,,Jesus christ I'm sick of this Raid Shadow Legends ad everywhere. AAAAAAAAAAAAAAAAAAAAAAAAAAAAAAAAAAAa,[],[],[],1,0,1,[],[],https://twitter.com/Paul_chan_/status/1186345850693476352,False,,0,,,,,,,"[{'user_id': '923968011622633472', 'username': 'Paul_chan_'}]",,,,
1186337185085214720,1186332897881575424,1571679800000,2019-10-21,18:43:20,GMT Summer Time,2495705202,lshaayyyy,your mums cheesy toe,,Raid shadow legends ad inbound,['colours'],[],[],1,0,0,[],[],https://twitter.com/lShaayyyy/status/1186337185085214720,False,,0,,,,,,,"[{'user_id': '2495705202', 'username': 'lShaayyyy'}, {'user_id': '2864852237', 'username': 'Colours'}]",,,,
1186334148903997440,1186334148903997440,1571679076000,2019-10-21,18:31:16,GMT Summer Time,887850266049097732,the_succyoubus,Sammy Hollows,,"What if porn started doing those paid ads for mobile games? Like ‚ÄúToday i am gonna get fucked BUT FIRST,LET ME TELL YOU ABOUT RAID SHADOW LEGENDS‚Äù",[],[],[],1,0,2,[],[],https://twitter.com/The_Succyoubus/status/1186334148903997440,False,,0,,,,,,,"[{'user_id': '887850266049097732', 'username': 'The_Succyoubus'}]",,,,
1186082371352911874,1186082371352911874,1571619048000,2019-10-21,01:50:48,GMT Summer Time,926877231204446209,jcbenoit07,J.C Benoit,,"Nobody: 

Absolutely Nobody 

YouTube Ad: LET'S PLAY RAID SHADOW LEGENDS!!!!",[],[],[],1,0,1,[],[],https://twitter.com/JcBenoit07/status/1186082371352911874,False,,0,,,,,,,"[{'user_id': '926877231204446209', 'username': 'JcBenoit07'}]",,,,
1185865627384238081,1185865627384238081,1571567372000,2019-10-20,11:29:32,GMT Summer Time,925659560144093184,burnt_waffles__,Ray Amante,,"Welp. My day could pretty much be summed up as a big fat fuckin ad for RAID: SHADOW LEGENDS

THE BEST FUCKIN F2P MOBILE GAME AVAILABLE
WITH OVER A- yea nvm

too much shitposting while waiting for a clinic to open (spoilers: it never did, fuck u MCL schedule for lying)",[],[],[],1,0,1,[],[],https://twitter.com/burnt_waffles__/status/1185865627384238081,False,,0,,,,,,,"[{'user_id': '925659560144093184', 'username': 'burnt_waffles__'}]",,,,
1185636788024549376,1185636788024549376,1571512812000,2019-10-19,20:20:12,GMT Summer Time,3255025526,cyrusvgz,Cyrus,,I shake my head every time I hear someone do an ad read for Raid Shadow Legends and pretend that the character designs and gameplay aren't painfully generic.,[],[],[],0,0,1,[],[],https://twitter.com/CyrusVGZ/status/1185636788024549376,False,,0,,,,,,,"[{'user_id': '3255025526', 'username': 'CyrusVGZ'}]",,,,
1185625878019088386,1185560117112180738,1571510211000,2019-10-19,19:36:51,GMT Summer Time,3312809840,crunchyclusters,willb,,if I ever have to hear your voice say LET'S PLAY RAID: SHADOW LEGENDS in a mobile ad I will walk over to Ohio in flip flops and break your kness,['durrsly'],[],[],1,1,3,[],[],https://twitter.com/crunchyclusters/status/1185625878019088386,False,,0,,,,,,,"[{'user_id': '3312809840', 'username': 'crunchyclusters'}, {'user_id': '3045928047', 'username': 'durrsly'}]",,,,
1185607903870357504,1185607903870357504,1571505926000,2019-10-19,18:25:26,GMT Summer Time,790605758,i_deathblow,Sydke,,"Holy hell, seeing raid shadow legends ads EVERYWHERE is so fucking annoying",[],[],[],0,0,0,[],[],https://twitter.com/i_DeathBlow/status/1185607903870357504,False,,0,,,,,,,"[{'user_id': '790605758', 'username': 'i_DeathBlow'}]",,,,
1185506616214462466,1185271273301012480,1571481777000,2019-10-19,11:42:57,GMT Summer Time,476074250,carrdominic,Nico üßê,,Don't you use twitch? Can you not get some business's to pay for ads? Youtube has sucked a lot in the past few years. I have seen some youtubers advertising games like raid shadow legends etc. There's a whole indie market to utilise.,['jessecox'],[],[],0,0,0,[],[],https://twitter.com/CarrDominic/status/1185506616214462466,False,,0,,,,,,,"[{'user_id': '476074250', 'username': 'CarrDominic'}, {'user_id': '55793637', 'username': 'JesseCox'}]",,,,
1185430046120562688,1185430046120562688,1571463521000,2019-10-19,06:38:41,GMT Summer Time,1052299409210437633,nia_xenoblade,whore bitchlet,,update: seeing raid:shadow legends ads still makes me want to rip off my own toenails and eat them,[],[],[],0,0,3,[],[],https://twitter.com/nia_xenoblade/status/1185430046120562688,False,,0,,,,,,,"[{'user_id': '1052299409210437633', 'username': 'nia_xenoblade'}]",,,,
1185402727414714368,1185402727414714368,1571457008000,2019-10-19,04:50:08,GMT Summer Time,151211635,fulltimebastard,Buchanan D Ramone,,"YouTube ads: ‚ÄúLET‚ÄôS PLAY RAID SHADOW LEGENDS‚Äù

Me: let‚Äôs not.",[],[],[],0,0,0,[],[],https://twitter.com/FullTimeBastard/status/1185402727414714368,False,,0,,,,,,,"[{'user_id': '151211635', 'username': 'FullTimeBastard'}]",,,,
1185383226459734016,1185305238577676289,1571452359000,2019-10-19,03:32:39,GMT Summer Time,3308522233,reeseghost,Reese Ghost,,"Ha you guys finally got sponsored by Raid: Shadow Legends, the ad check list is getting fulfilled","['internettodaytv', 'rickyftw', 'eliotetc']",[],[],0,0,1,[],[],https://twitter.com/ReeseGhost/status/1185383226459734016,False,,0,,,,,,,"[{'user_id': '3308522233', 'username': 'ReeseGhost'}, {'user_id': '101903164', 'username': 'InternetTodayTV'}, {'user_id': '16955141', 'username': 'rickyftw'}, {'user_id': '88074587', 'username': 'EliotETC'}]",,,,
1185363814214037504,1185358787894378496,1571447730000,2019-10-19,02:15:30,GMT Summer Time,2727647901,aaidansmithh,aidan,,the thing is they always talk about raid shadow legends looking amazing for a mobile game but it legitimately looks like shit like just leave that part out because it makes the ads just seem so much worse,['it_meirl_bot'],[],[],0,0,1,[],[],https://twitter.com/aaidansmithh/status/1185363814214037504,False,,0,,,,,,,"[{'user_id': '2727647901', 'username': 'aaidansmithh'}, {'user_id': '1009514640844308481', 'username': 'it_meirl_bot'}]",,,,
1185291522243039232,1185291522243039232,1571430495000,2019-10-18,21:28:15,GMT Summer Time,45967266,praiseforthesun,Praise The Sun,,"@YouTube How many times do I need to thumbs down ""Raid Shadow Legends"" ads before you stop showing them to me? I even removed all instances of phones and video games on ad settings. Please stop torturing me.",['youtube'],[],[],0,0,0,[],[],https://twitter.com/PraiseForTheSun/status/1185291522243039232,False,,0,,,,,,,"[{'user_id': '45967266', 'username': 'PraiseForTheSun'}, {'user_id': '10228272', 'username': 'YouTube'}]",,,,
1185281735254257664,1185281735254257664,1571428161000,2019-10-18,20:49:21,GMT Summer Time,4529551154,funhausian,Patrick Martin,,"Gaming nfluencer: *exists* 

Literally that same Gaming influencer:  This video is sponsored by Raid: Shadow Legends... #ad #FridayThoughts #gaming",[],[],[],0,0,0,"['#ad', '#fridaythoughts', '#gaming']",[],https://twitter.com/funhausian/status/1185281735254257664,False,,0,,,,,,,"[{'user_id': '4529551154', 'username': 'funhausian'}]",,,,
1185190032942026752,1185121922662780928,1571406298000,2019-10-18,14:44:58,GMT Summer Time,871773415300005889,salttir6,Saltti,,"imagine selling out for a mobile game just for the ad revenue, couldnt be me.

BUT Raid: Shadow Legends is a free to play RPG with a lot of content and many features. It has deep tactical play and a massive PVE story campaign! You can also..",['bikinibodhi'],[],[],1,0,63,[],[],https://twitter.com/SalttiR6/status/1185190032942026752,False,,0,,,,,,,"[{'user_id': '871773415300005889', 'username': 'SalttiR6'}, {'user_id': '781569451858792448', 'username': 'BikiniBodhi'}]",,,,
1185003949843197954,1185003949843197954,1571361932000,2019-10-18,02:25:32,GMT Summer Time,2355082118,jefferynumber1,the sex maker,,"the more raid shadow legends ads I have shoved down my throat, the less I want to play, and I already DIDN'T want to play it",[],[],[],0,0,1,[],[],https://twitter.com/jefferynumber1/status/1185003949843197954,False,,0,,,,,,,"[{'user_id': '2355082118', 'username': 'jefferynumber1'}]",,,,
1185000986546335746,1184220371630714881,1571361226000,2019-10-18,02:13:46,GMT Summer Time,983532364398604288,jewelsvevo,üíé Jewels (ÂÆùÁü≥) üíé,,Literally the best ad for Raid Shadow Legends  pic.twitter.com/RL37xKLuIp,['it_meirl_bot'],[],[],1,0,0,[],[],https://twitter.com/JewelsVEVO/status/1185000986546335746,False,,1,,,,,,,"[{'user_id': '983532364398604288', 'username': 'JewelsVEVO'}, {'user_id': '1009514640844308481', 'username': 'it_meirl_bot'}]",,,,
1184992000199811073,1184992000199811073,1571359083000,2019-10-18,01:38:03,GMT Summer Time,2858714329,ryanthereviewer,RTR,,"Listen, I'm sure its a great PÃ∑Ã∑ÃõÃ∫Ã™ÕÇÃèÕêÃΩÃãÃàÃÅaÃõÕïÕãÕ¶ÃÑÃéÕÇÃÄÃÅyÃ∂ÃßÃØÃªÕöÃøÃÉÕ¶Õ´ÃåÕ´Õ®Ãö play to win game and actually gives YouTubers income, but I feel like I'm gonna shoot myself if i see another Raid shadow legends AD with THAT same totally the person playing then losing to the dragon video",[],[],[],0,0,1,[],[],https://twitter.com/RyanTheReviewer/status/1184992000199811073,False,,0,,,,,,,"[{'user_id': '2858714329', 'username': 'RyanTheReviewer'}]",,,,
1184869225275379714,1184869225275379714,1571329811000,2019-10-17,17:30:11,GMT Summer Time,758612918992855040,radicaledreamer,Josh,,"#ad Hey everyone, this tweet was brought to you by Raid: Shadow Legends. I have so much fun playing Raid: Shadow Legends it‚Äôs all I do all day. #addicted ü§™ Download today using code ‚Äú‚Ç¨{¬•\+‚Äù to get 100000 free shadows.  https://preview.tinyurl.com/y58a3kqp¬†",[],['https://preview.tinyurl.com/y58a3kqp'],[],0,0,1,"['#ad', '#addicted']",[],https://twitter.com/RadicaleDreamer/status/1184869225275379714,False,,0,,,,,,,"[{'user_id': '758612918992855040', 'username': 'RadicaleDreamer'}]",,,,
1184671813546237952,1184671813546237952,1571282745000,2019-10-17,04:25:45,GMT Summer Time,836984054604001287,69griggs420,üåª ·¥π·µÄ·¥≥ ·¥≥ ≥·∂¶·µç·µçÀ¢·µâ ∏,,*5 minute long midroll ad for Raid: Shadow Legends*,[],[],[],0,0,0,[],[],https://twitter.com/69griggs420/status/1184671813546237952,False,,0,,,,,,,"[{'user_id': '836984054604001287', 'username': '69griggs420'}]",,,,
1184304529405284353,1184304529405284353,1571195177000,2019-10-16,04:06:17,GMT Summer Time,3796377827,dumdimdumdum,Cory @ Home,,Raid shadow legends integrated ads piss me off to a nearly unreasonable degree,[],[],[],1,0,3,[],[],https://twitter.com/Dumdimdumdum/status/1184304529405284353,False,,0,,,,,,,"[{'user_id': '3796377827', 'username': 'Dumdimdumdum'}]",,,,
1184243356072923138,1184243356072923138,1571180592000,2019-10-16,00:03:12,GMT Summer Time,130633392,suleyblack,Suley,,"I feel that if I were to download Raid: Shadow Legends all my apps would stop giving me ads for it, but then they would ask me to uninstall so they can make money off me",[],[],[],0,0,0,[],[],https://twitter.com/SuleyBlack/status/1184243356072923138,False,,0,,,,,,,"[{'user_id': '130633392', 'username': 'SuleyBlack'}]",,,,
1183895103800131584,1183895103800131584,1571097563000,2019-10-15,00:59:23,GMT Summer Time,755365202,kadised,jose,,"no matter how many ads i get, im not playing raid shadow legends",[],[],[],0,0,2,[],[],https://twitter.com/kadised/status/1183895103800131584,False,,0,,,,,,,"[{'user_id': '755365202', 'username': 'kadised'}]",,,,
1183861103346049024,1183861103346049024,1571089456000,2019-10-14,22:44:16,GMT Summer Time,954662437,kingkagle,lightsaber.ninja,,"Hearing @mrsundaymovies shit talk Raid: Shadow Legends is so fucking cathartic.

As someone who plays mobile games, every Raid ad sounds disingenuous.

Thanks, man.",['mrsundaymovies'],[],[],0,0,0,[],[],https://twitter.com/KingKagle/status/1183861103346049024,False,,0,,,,,,,"[{'user_id': '954662437', 'username': 'KingKagle'}, {'user_id': '302027287', 'username': 'mrsundaymovies'}]",,,,
1183789689100210178,1183789689100210178,1571072430000,2019-10-14,18:00:30,GMT Summer Time,1150814468135432192,joshvintsonva,Jersh,,Okay Google how do I stop getting ads for Raid Shadow Legends,[],[],[],0,0,5,[],[],https://twitter.com/joshvintsonVA/status/1183789689100210178,False,,0,,,,,,,"[{'user_id': '1150814468135432192', 'username': 'joshvintsonVA'}]",,,,
1183691115171581953,1183691115171581953,1571048928000,2019-10-14,11:28:48,GMT Summer Time,4802801657,mightbereign,Quantum Reign,,Holy fuck those RAID: Shadow Legends ads are annoying,[],[],[],2,0,6,[],[],https://twitter.com/MightBeReign/status/1183691115171581953,False,,0,,,,,,,"[{'user_id': '4802801657', 'username': 'MightBeReign'}]",,,,
1183546830367404039,1183546830367404039,1571014528000,2019-10-14,01:55:28,GMT Summer Time,1489284691,reyhoots,Rey‚≠êLei,,Bit the bullet and bought YouTube premium. Was sick of seeing. LET'S PLAY RAID SHADOW LEGENDS & Multiple pre roll ads.,[],[],[],0,0,0,[],[],https://twitter.com/ReyHoots/status/1183546830367404039,False,,0,,,,,,,"[{'user_id': '1489284691', 'username': 'ReyHoots'}]",,,,
1183543803233423360,1183543803233423360,1571013806000,2019-10-14,01:43:26,GMT Summer Time,856912715872391168,theinferiorgod,Inferior God,,"Me: ‚Äúhey this video looks kinda cool, I‚Äôll watc-‚Äú
Ad: ‚ÄúPLAY RAID SHADOW LEGENDS‚Äù",[],[],[],0,0,0,[],[],https://twitter.com/TheInferiorGod/status/1183543803233423360,False,,0,,,,,,,"[{'user_id': '856912715872391168', 'username': 'TheInferiorGod'}]",,,,
1183532924949401602,1183532924949401602,1571011212000,2019-10-14,01:00:12,GMT Summer Time,1852789236,gam3rgunk,Luke,,"This may come as a surprise. But even after 50 ads a day, I still don‚Äôt wanna play RAID SHADOW LEGENDS!",[],[],[],0,0,0,[],[],https://twitter.com/Gam3rGunk/status/1183532924949401602,False,,0,,,,,,,"[{'user_id': '1852789236', 'username': 'Gam3rGunk'}]",,,,
1183527104027222018,1183526604494004227,1571009825000,2019-10-14,00:37:05,GMT Summer Time,1098288232205299717,squidrob,FRND | Squid is stuck at home,,"I swear there are only two ads on YT now:
1. Raid Shadow Legends (80% of the time).
2. Grubhub (the other 20%).",['troutcloutga'],[],[],1,0,1,[],[],https://twitter.com/SquidROB/status/1183527104027222018,False,,0,,,,,,,"[{'user_id': '1098288232205299717', 'username': 'SquidROB'}, {'user_id': '1020069978526056448', 'username': 'TroutCloutGA'}]",,,,
1183445208958152705,1183445208958152705,1570990299000,2019-10-13,19:11:39,GMT Summer Time,4823342008,thewiebel,üá™üá™üá±üáªüá±üáπOscar ‚ùÅ,,Raid shadow legends ads the most annoying ass shit ever,[],[],[],0,0,3,[],[],https://twitter.com/TheWiebel/status/1183445208958152705,False,,0,,,,,,,"[{'user_id': '4823342008', 'username': 'TheWiebel'}]",,,,
1183443700141060096,1183219393959886850,1570989940000,2019-10-13,19:05:40,GMT Summer Time,775535502392864768,naminb4gamin,Namin(awesome cool based and starting gintama),,He can also skip over raid shadow legends ads,['jameskii'],[],[],0,0,0,[],[],https://twitter.com/NaminB4Gamin/status/1183443700141060096,False,,0,,,,,,,"[{'user_id': '775535502392864768', 'username': 'NaminB4Gamin'}, {'user_id': '1080077031457488899', 'username': 'Jameskii'}]",,,,
1183345995935047681,1183345995935047681,1570966645000,2019-10-13,12:37:25,GMT Summer Time,18630926,kranitoko,Charlie Murray,,"Now I hate mobile phone game ads.

But Raid: Shadow Legends actually make some damn good creative ones.

Ain't gonna make me play the game mind, but thumbs up.",[],[],[],1,0,1,[],[],https://twitter.com/Kranitoko/status/1183345995935047681,False,,0,,,,,,,"[{'user_id': '18630926', 'username': 'Kranitoko'}]",,,,
1183171739183960064,1183171739183960064,1570925099000,2019-10-13,01:04:59,GMT Summer Time,1129183074196107265,razortv10,its ya boi cody,,if i have to see another raid shadow legends ad again i think im gonna scream,[],[],[],0,0,0,[],[],https://twitter.com/RaZoRtV10/status/1183171739183960064,False,,0,,,,,,,"[{'user_id': '1129183074196107265', 'username': 'RaZoRtV10'}]",,,,
1182945569712623616,1182625316306608129,1570871176000,2019-10-12,10:06:16,GMT Summer Time,2244122918,theneworchestra,TheNewOrchestra üíÄüëÆ‚Äç‚ôÇÔ∏èüçéüçå,,"""Let's play Raid: Shadow Legends!
Download for free now!""

- The ad that kept popping up on my phone while I was just trying to watch some memes godda--",['kong_funkyape'],[],[],0,0,0,[],[],https://twitter.com/TheNewOrchestra/status/1182945569712623616,False,,0,,,,,,,"[{'user_id': '2244122918', 'username': 'TheNewOrchestra'}, {'user_id': '1102256168389492737', 'username': 'Kong_FunkyApe'}]",,,,
1182879131874160644,1182879131874160644,1570855336000,2019-10-12,05:42:16,GMT Summer Time,1047734270448492544,jessecreations,jesse.creations: new horizons‚Å∑,,I swear to god if I see another fucking youtuber do an ad for Raid Shadow Legends I will literally kill myself,[],[],[],0,0,2,[],[],https://twitter.com/jessecreations/status/1182879131874160644,False,,0,,,,,,,"[{'user_id': '1047734270448492544', 'username': 'jessecreations'}]",,,,
1182745681917890560,1182745681917890560,1570823519000,2019-10-11,20:51:59,GMT Summer Time,2238283369,mojopsd,rb moj√∏,,"I‚Äôve come to the point where I‚Äôm used to ads on YouTube videos, but if they had a little more variety I really wouldn‚Äôt mind.  Nothing is more annoying than getting the same grubhub and raid shadow legends ads 4 times on one video.. my god.",[],[],[],1,0,5,[],[],https://twitter.com/mojopsd/status/1182745681917890560,False,,0,,,,,,,"[{'user_id': '2238283369', 'username': 'mojopsd'}]",,,,
1182699068914634752,1182699068914634752,1570812406000,2019-10-11,17:46:46,GMT Summer Time,2630899828,cryysouls,Criiedüê∂,,I see so many raid shadow legends ads in youtube videos.,[],[],[],0,0,0,[],[],https://twitter.com/CryySouls/status/1182699068914634752,False,,0,,,,,,,"[{'user_id': '2630899828', 'username': 'CryySouls'}]",,,,
1182679656484372480,1182679656484372480,1570807777000,2019-10-11,16:29:37,GMT Summer Time,1118514759962222592,gheiboi1,JACK GOFF,,Open YouTube                                                Raid: Shadow Legends ads                       Close YouTube,[],[],[],0,0,1,[],[],https://twitter.com/Gheiboi1/status/1182679656484372480,False,,0,,,,,,,"[{'user_id': '1118514759962222592', 'username': 'Gheiboi1'}]",,,,
1182679502046019584,1182679502046019584,1570807741000,2019-10-11,16:29:01,GMT Summer Time,63357147,schemersremnant,Ian,,Please tel me I‚Äôm not the only one that skips literally every raid shadow legends sponsorship ad.,[],[],[],2,0,1,[],[],https://twitter.com/SchemersRemnant/status/1182679502046019584,False,,0,,,,,,,"[{'user_id': '63357147', 'username': 'SchemersRemnant'}]",,,,
1182669953834635267,1182669953834635267,1570805464000,2019-10-11,15:51:04,GMT Summer Time,1130011198815121408,yaboiclouse,YaBoiClouse AKA Cloochini,,"Ok, ok, fucking fine. If I play raid shadow legends will the FUCKING ADS STOP!?",[],[],[],1,0,1,[],[],https://twitter.com/YaBoiClouse/status/1182669953834635267,False,,0,,,,,,,"[{'user_id': '1130011198815121408', 'username': 'YaBoiClouse'}]",,,,
1182421301312417792,1182421301312417792,1570746181000,2019-10-10,23:23:01,GMT Summer Time,1093196817175625730,sombermallard,Michael,,"No one:
Absolutely not a single person:
YouTube ads: LET‚ÄôS PLAY RAID SHADOW LEGENDS",[],[],[],0,0,0,[],[],https://twitter.com/SomberMallard/status/1182421301312417792,False,,0,,,,,,,"[{'user_id': '1093196817175625730', 'username': 'SomberMallard'}]",,,,
1182301042630909953,1182301042630909953,1570717509000,2019-10-10,15:25:09,GMT Summer Time,3022142573,buscemi_is_life,Anarcho Otaku üè¥‚í∂üê∏üá≠üá∞,,"Listen Youtubers, I'm sure Raid Shadow Legends is perfectly fine mobile game but every single one of you making ads for it isn't going to make me want to play it",[],[],[],0,0,0,[],[],https://twitter.com/Buscemi_Is_Life/status/1182301042630909953,False,,0,,,,,,,"[{'user_id': '3022142573', 'username': 'Buscemi_Is_Life'}]",,,,
1182258911056936960,1182258911056936960,1570707464000,2019-10-10,12:37:44,GMT Summer Time,923865606289526784,streamballads1,harry been drankin,,raid shadow legends must pay well since the #ads seem to last forever,[],[],[],0,0,2,['#ads'],[],https://twitter.com/streamballads1/status/1182258911056936960,False,,0,,,,,,,"[{'user_id': '923865606289526784', 'username': 'streamballads1'}]",,,,
1182126768095784960,1182126768095784960,1570675959000,2019-10-10,03:52:39,GMT Summer Time,112140452,wenyaven,Ê∏©È°∫Âπ≥,,"raid shadow legends ad is lit.
I probably should try the game out",[],[],[],0,0,0,[],[],https://twitter.com/wenyaven/status/1182126768095784960,False,,0,,,,,,,"[{'user_id': '112140452', 'username': 'wenyaven'}]",,,,
1182118781033824257,1182118470730862597,1570674054000,2019-10-10,03:20:54,GMT Summer Time,1227400314,johns____,Wada Jons,,"The King of the Hill bit about the greatest mower show you've ever seen, but it's a raid: shadow legends ad",['norris3942'],[],[],0,1,0,[],[],https://twitter.com/Johns____/status/1182118781033824257,False,,0,,,,,,,"[{'user_id': '1227400314', 'username': 'Johns____'}, {'user_id': '871584480305315840', 'username': 'norris3942'}]",,,,
1182070123332550661,1182070123332550661,1570662453000,2019-10-10,00:07:33,GMT Summer Time,306231224,michluc92,MichLuc 1.3,,Please I do not want to play raid shadow legends. Fuck. Give me an ad about paint drying I'll be more interested.,[],[],[],0,0,0,[],[],https://twitter.com/Michluc92/status/1182070123332550661,False,,0,,,,,,,"[{'user_id': '306231224', 'username': 'Michluc92'}]",,,,
1181890911510388736,1181890447888789505,1570619726000,2019-10-09,12:15:26,GMT Summer Time,789722580,themarckoguy,Markus,,Could you imagine playing Raid: Shadow Legends and seeing an in-game ad for Raid: Shadow Legends?,['domesticmothman'],[],[],1,0,3,[],[],https://twitter.com/TheMarckoguy/status/1181890911510388736,False,,0,,,,,,,"[{'user_id': '789722580', 'username': 'TheMarckoguy'}, {'user_id': '700846484254810113', 'username': 'domesticmothman'}]",,,,
1181728325040914432,1181728325040914432,1570580962000,2019-10-09,01:29:22,GMT Summer Time,3125223067,sloidahfag,Uncle Sugio,,youtube ad: LETS PLAY RAID SHADOW LEGENDS  pic.twitter.com/8CbERzQsI6,[],[],['https://pbs.twimg.com/media/EGZXpJNUcAAz55A.jpg'],0,0,1,[],[],https://twitter.com/Sloidahfag/status/1181728325040914432,False,,0,,,,,,,"[{'user_id': '3125223067', 'username': 'Sloidahfag'}]",,,,
1181694208186441730,1181694208186441730,1570572828000,2019-10-08,23:13:48,GMT Summer Time,984015735105126400,duskiiez,maeve - simping 4 kai‚Äôsa,,if i see one more raid shadow legends ad i might snap,[],[],[],0,0,0,[],[],https://twitter.com/duskiiez/status/1181694208186441730,False,,0,,,,,,,"[{'user_id': '984015735105126400', 'username': 'duskiiez'}]",,,,
1181619932317937664,1181603624595668992,1570555119000,2019-10-08,18:18:39,GMT Summer Time,3430992539,lolyisus,Yisus,,oh fuvk hes gonna take my rts and turn into a raid shadow legends ad account,"['lolemotebot', 'venglol']",[],[],1,0,7,[],[],https://twitter.com/lolYisus/status/1181619932317937664,False,,0,,,,,,,"[{'user_id': '3430992539', 'username': 'lolYisus'}, {'user_id': '2177080299', 'username': 'lolEmoteBot'}, {'user_id': '738450635725647872', 'username': 'VengLoL'}]",,,,
1181599747129393154,1181596702911807488,1570550307000,2019-10-08,16:58:27,GMT Summer Time,1049241120146903040,notstoppable2,StoppableNot,,Raid shadow legends HQ after seeing the internet historian ad.,['nethistorian'],[],[],0,1,86,[],[],https://twitter.com/NotStoppable2/status/1181599747129393154,False,,0,,,,,,,"[{'user_id': '1049241120146903040', 'username': 'NotStoppable2'}, {'user_id': '819200364675072000', 'username': 'NetHistorian'}]",,,,
1181567580772941824,1181567580772941824,1570542638000,2019-10-08,14:50:38,GMT Summer Time,707219813337276420,nicholas5544,ShadowStepYT,,IF I GET ONE MORE RAID SHADOW LEGENDS AD I WILL ACTUALLY THROW MY COMPUTER IN THE FIRE AND WATCH IT BURN,[],[],[],0,0,1,[],[],https://twitter.com/Nicholas5544/status/1181567580772941824,False,,0,,,,,,,"[{'user_id': '707219813337276420', 'username': 'Nicholas5544'}]",,,,
1181431689316311040,1181431079489724419,1570510239000,2019-10-08,05:50:39,GMT Summer Time,2432679367,natedogisdeadlo,AAAAUUUGGHH!!,,This youtube video is good but I would absolutely love a random 3 minute ad for raid shadow legends in the middle of it to really spice things up,[],[],[],0,0,2,[],[],https://twitter.com/Natedogisdeadlo/status/1181431689316311040,False,,0,,,,,,,"[{'user_id': '2432679367', 'username': 'Natedogisdeadlo'}]",,,,
1181274332376514562,1181274332376514562,1570472722000,2019-10-07,19:25:22,GMT Summer Time,864474509985947649,quietspaceshell,QuietShell,,"Can any other game start sponsoring ytbers , if i se one more damn ad for raid shadow legends i swear to god  pic.twitter.com/8cLNPSzCG6",[],[],['https://pbs.twimg.com/media/EGS6vq9WwAECm4L.jpg'],0,0,1,[],[],https://twitter.com/QuietSpaceshell/status/1181274332376514562,False,,0,,,,,,,"[{'user_id': '864474509985947649', 'username': 'QuietSpaceshell'}]",,,,
1181249109308477440,1181249109308477440,1570466708000,2019-10-07,17:45:08,GMT Summer Time,496789697,alex_vampira,Dirty Rice Brain,,"DID THIS MAN JUST GET A RAID SHADOW LEGENDS AD... 

Bro",[],[],[],0,0,0,[],[],https://twitter.com/Alex_Vampira/status/1181249109308477440,False,,0,,,,,,,"[{'user_id': '496789697', 'username': 'Alex_Vampira'}]",,,,
1181238169636761600,1181238169636761600,1570464100000,2019-10-07,17:01:40,GMT Summer Time,2158152342,pixlpixel,u…ê å«ù ás∆é,,I wish this happened to me more often. Nowadays I just get the same 2 ads for Raid:Shadow legends now on the app store‚Ñ¢Ô∏è¬©Ô∏è  https://twitter.com/it_meirl_bot/status/1181126578203328512¬†‚Ä¶,[],['https://twitter.com/it_meirl_bot/status/1181126578203328512'],[],1,0,1,[],[],https://twitter.com/PixlPixel/status/1181238169636761600,False,https://twitter.com/it_meirl_bot/status/1181126578203328512,0,,,,,,,"[{'user_id': '2158152342', 'username': 'PixlPixel'}]",,,,
1181174380010721280,1181122441130758144,1570448892000,2019-10-07,12:48:12,GMT Summer Time,58007076,sousalef,Alef Barros,,"Whaat!? How are you NOT playing Raid: Shadow Legends!? It's the BEST mobile game EVER according to every youtuber, they all even make the SAME cookie cutter ad every single time, this gotta mean they all REALLY play and LOVE the game, right? RIGHT!?!? /s",['gamemakerstk'],[],[],0,0,0,[],[],https://twitter.com/sousalef/status/1181174380010721280,False,,0,,,,,,,"[{'user_id': '58007076', 'username': 'sousalef'}, {'user_id': '10211472', 'username': 'gamemakerstk'}]",,,,
1181029000367362048,1181029000367362048,1570414230000,2019-10-07,03:10:30,GMT Summer Time,2282166888,linklshere,‚Ñí‚Ñê‚Ñï·è¶üåêüñ§ü¶ã( ·é¢·é¨·é¢·é°·é™),,"Finished about 2 hours ago (but I took a nap after finishing). Thank you for this wonderful video @AlbinoVEVO!

I have saved us from Raid: Shadow Legends ad!  pic.twitter.com/7NY29xRf7K",['albinovevo'],[],['https://pbs.twimg.com/media/EGPbnVIU0AArL5z.jpg'],0,0,0,[],[],https://twitter.com/LinklsHere/status/1181029000367362048,False,,0,,,,,,,"[{'user_id': '2282166888', 'username': 'LinklsHere'}, {'user_id': '964411797561208832', 'username': 'AlbinoVEVO'}]",,,,
1180957162358607883,1180957162358607883,1570397103000,2019-10-06,22:25:03,GMT Summer Time,2156128286,sports_in_space,Unemployed EricüöÄ,,One more ad for Raid Shadow Legends and I'm uninstalling the internet,[],[],[],0,0,0,[],[],https://twitter.com/Sports_in_Space/status/1180957162358607883,False,,0,,,,,,,"[{'user_id': '2156128286', 'username': 'Sports_in_Space'}]",,,,
1180930781633495041,1180913951380365313,1570390813000,2019-10-06,20:40:13,GMT Summer Time,726474669046554625,itsmattbat,MattBat,,That along with a dozen Raid: Shadow Legends ads,['ewtinytina'],[],[],0,0,0,[],[],https://twitter.com/ItsMattBat/status/1180930781633495041,False,,0,,,,,,,"[{'user_id': '726474669046554625', 'username': 'ItsMattBat'}, {'user_id': '942113821614682113', 'username': 'ewtinytina'}]",,,,
1180922433857081345,1180922433857081345,1570388823000,2019-10-06,20:07:03,GMT Summer Time,1001326780261851136,7dogmin,7Dogmin,,i saw another raid shadow legends ad jezus christ im so upset thanks pyro,[],[],[],0,0,1,[],[],https://twitter.com/7Dogmin/status/1180922433857081345,False,,0,,,,,,,"[{'user_id': '1001326780261851136', 'username': '7Dogmin'}]",,,,
1180665056243130368,1180665056243130368,1570327459000,2019-10-06,03:04:19,GMT Summer Time,953757852442746881,ehpikgames,EhpikGames,,"nobody:
literally no one:
Youtube ads: LETS PLAY RAID SHADOW LEGENDS START NOW FOR FREE",[],[],[],0,1,1,[],[],https://twitter.com/EhpikGames/status/1180665056243130368,False,,0,,,,,,,"[{'user_id': '953757852442746881', 'username': 'EhpikGames'}]",,,,
1180600216447094785,1180593606219841536,1570312000000,2019-10-05,22:46:40,GMT Summer Time,3010091069,spaccalberi,Dismas,,"why duel links out of all the ads
I'd rather you sponsor raid shadow legends on your mobile device for free premium currency like every single fucking youtuber in existence

or go with math-incentive videos with skillshare

but not duel links jee  pic.twitter.com/0CvOTcJVcd",['trumpsc'],[],['https://pbs.twimg.com/media/EGJVo7IU4AARfW8.jpg'],1,0,0,[],[],https://twitter.com/SpaccAlberi/status/1180600216447094785,False,,0,,,,,,,"[{'user_id': '3010091069', 'username': 'SpaccAlberi'}, {'user_id': '234905133', 'username': 'TrumpSC'}]",,,,
1180585980400558081,1180585980400558081,1570308606000,2019-10-05,21:50:06,GMT Summer Time,1008014618369851392,themaskfurball,Abel ü•Ω,,"Holy fuck Raid Shadow Legend ads are everywhere, and it‚Äôs getting so fucking annoying.
Like yeah, I tested the damn thing, and it‚Äôs shit.",[],[],[],1,0,1,[],[],https://twitter.com/themaskfurball/status/1180585980400558081,False,,0,,,,,,,"[{'user_id': '1008014618369851392', 'username': 'themaskfurball'}]",,,,
1180543822641549313,1180540215724785665,1570298555000,2019-10-05,19:02:35,GMT Summer Time,2189217222,neronova88,Neronova,,And every ad is raid Shadow legends,['dullvivid'],[],[],0,0,0,[],[],https://twitter.com/neronova88/status/1180543822641549313,False,,0,,,,,,,"[{'user_id': '2189217222', 'username': 'neronova88'}, {'user_id': '3223607684', 'username': 'DullVivid'}]",,,,
1180501223012745218,1180501223012745218,1570288398000,2019-10-05,16:13:18,GMT Summer Time,732640780406411264,shya_barbshaft,Mommy Lisa,,sub gives me a marker and asks me to write degrading things on them and I start writing out sponsored ad copy for Raid Shadow Legends,[],[],[],0,0,1,[],[],https://twitter.com/Shya_Barbshaft/status/1180501223012745218,False,,0,,,,,,,"[{'user_id': '732640780406411264', 'username': 'Shya_Barbshaft'}]",,,,
1180308921120104454,1180308921120104454,1570242550000,2019-10-05,03:29:10,GMT Summer Time,1089308120,usikunox,Nox,,Can Raid Shadow Legends just sponsor me for watching all of it's sponsored YouTube ads at this point pls,[],[],[],0,0,1,[],[],https://twitter.com/UsikuNox/status/1180308921120104454,False,,0,,,,,,,"[{'user_id': '1089308120', 'username': 'UsikuNox'}]",,,,
1180303793222750208,1180303793222750208,1570241327000,2019-10-05,03:08:47,GMT Summer Time,3371618675,callmetopaz01,Trappist,,The amount of Raid Shadow Legends ads I‚Äôve seen on YT is ridiculous.,[],[],[],0,0,0,[],[],https://twitter.com/CallMeTopaz01/status/1180303793222750208,False,,0,,,,,,,"[{'user_id': '3371618675', 'username': 'CallMeTopaz01'}]",,,,
1180280158629949440,1180280158629949440,1570235693000,2019-10-05,01:34:53,GMT Summer Time,1414105178,therealbabehuth,BoZo Shwabz,,"I swear every single time I click on a YouTube video this god damn ad

‚ÄúLETS PLAY RAID SHADOW LEGENDS üò§üò§üò§‚Äù",[],[],[],1,0,2,[],[],https://twitter.com/TheRealBabeHuth/status/1180280158629949440,False,,0,,,,,,,"[{'user_id': '1414105178', 'username': 'TheRealBabeHuth'}]",,,,
1180163520677076992,1180135601380585472,1570207884000,2019-10-04,17:51:24,GMT Summer Time,3223158835,toaden_,mywifeleftme@hotmail.com,,Inb4 it's an ad for RAID: Shadow Legends,['joaquer'],[],[],0,0,0,[],[],https://twitter.com/toaden_/status/1180163520677076992,False,,0,,,,,,,"[{'user_id': '3223158835', 'username': 'toaden_'}, {'user_id': '1241864544172949504', 'username': 'joaquer'}]",,,,
1180150739571634176,1180150739571634176,1570204837000,2019-10-04,17:00:37,GMT Summer Time,887923062712090624,yamateian,Ian √òwO üáÆüá™,,"Thank you YouTube for the raid shadow legends ad in the middle of an ASMR video

Ears are still bloody ringing",[],[],[],0,0,0,[],[],https://twitter.com/YaMateIan/status/1180150739571634176,False,,0,,,,,,,"[{'user_id': '887923062712090624', 'username': 'YaMateIan'}]",,,,
1180106329400238082,1180106329400238082,1570194248000,2019-10-04,14:04:08,GMT Summer Time,2749045429,squishydew,Squishydew,,"Raid shadow legends is slowly breaking me through these youtube ads.  

I think about trying it out more and more.

Pretty sure 50% of the channels i follow advertise its now, shits more common then audible.",[],[],[],1,0,0,[],[],https://twitter.com/Squishydew/status/1180106329400238082,False,,0,,,,,,,"[{'user_id': '2749045429', 'username': 'Squishydew'}]",,,,
1179771743029870593,1179771743029870593,1570114477000,2019-10-03,15:54:37,GMT Summer Time,2256388268,yourdoomfool,raymond,,My ps4 is in repair shop but YouTube and Instagram. Can't stop show shadowkeep ads it bit piss me off. But at least not stupid raid shadow Legends  pic.twitter.com/QGPfWOFBAM,[],[],['https://pbs.twimg.com/media/EF9kJUwXUAAgV-R.jpg'],0,0,0,[],[],https://twitter.com/yourdoomfool/status/1179771743029870593,False,,0,,,,,,,"[{'user_id': '2256388268', 'username': 'yourdoomfool'}]",,,,
1179684372951097344,1179618815249915909,1570093646000,2019-10-03,10:07:26,GMT Summer Time,920396346661548033,dibbik_,Dibbik,,"Hey look, another ad for... ‚ÄúRAID: Shadow Legends‚Äù",['neroscinema'],[],[],0,0,5,[],[],https://twitter.com/Dibbik_/status/1179684372951097344,False,,0,,,,,,,"[{'user_id': '920396346661548033', 'username': 'Dibbik_'}, {'user_id': '303009020', 'username': 'NerosCinema'}]",,,,
1179651015450210306,1179651015450210306,1570085693000,2019-10-03,07:54:53,GMT Summer Time,821586186519113728,kev1nwebb,Kevin Webb,,"I swear if I see one more fkn Raid Shadow Legends ad I'm gonna fkn loose it, I don't want want to play that game",[],[],[],0,0,1,[],[],https://twitter.com/Kev1nWebb/status/1179651015450210306,False,,0,,,,,,,"[{'user_id': '821586186519113728', 'username': 'Kev1nWebb'}]",,,,
1179606961492504576,1179606961492504576,1570075190000,2019-10-03,04:59:50,GMT Summer Time,378799808,happymatt__,matt,,This isn‚Äôt petty drama these are lives being affected and you tryna get Adsense dollars off of your raid shadow legends mid roll ad,[],[],[],1,0,0,[],[],https://twitter.com/HappyMatt__/status/1179606961492504576,False,,0,,,,,,,"[{'user_id': '378799808', 'username': 'HappyMatt__'}]",,,,
1179491321922256896,1179406523191218176,1570047619000,2019-10-02,21:20:19,GMT Summer Time,1112509260330496000,berafera,Monxta,,"Yeah I decided to stop using things that annoy me with repetitive ads, in the hope that the bots learn their lesson.
No borderlands 3, no Raid Shadow Legends, no Google search (that dog burger thing was only cute the first time)...",['denise_hyena'],[],[],0,0,0,[],[],https://twitter.com/Berafera/status/1179491321922256896,False,,0,,,,,,,"[{'user_id': '1112509260330496000', 'username': 'Berafera'}, {'user_id': '881625051707133952', 'username': 'Denise_Hyena'}]",,,,
1179377643885662208,1179377643885662208,1570020516000,2019-10-02,13:48:36,GMT Summer Time,2331228705,pn1151999,OuJi,,RAID SHADOW LEGENDS ads are freaking everywhere,[],[],[],0,0,0,[],[],https://twitter.com/pn1151999/status/1179377643885662208,False,,0,,,,,,,"[{'user_id': '2331228705', 'username': 'pn1151999'}]",,,,
1179213255153213440,1179213255153213440,1569981323000,2019-10-02,02:55:23,GMT Summer Time,971199378,asingularjame,james keller,,"me: ooh a new video from one of my favor-

Ad: UH OH, LOOKS LIKE SOMEONE HAS THEIR HEADPHONES ON!! LETS PLAY RAID: SHADOW LEGENDS YOU DEAF MOTHERFUCKER",[],[],[],0,0,1,[],[],https://twitter.com/asingularjame/status/1179213255153213440,False,,0,,,,,,,"[{'user_id': '971199378', 'username': 'asingularjame'}]",,,,
1179171337371361281,1179171337371361281,1569971329000,2019-10-02,00:08:49,GMT Summer Time,1166886141137694720,a_dunn_deal,CHRISTOGABE,,When you're watching a YouTube Video and it hits you with the self inserted 2-minute ad for Raid: Shadow Legends  pic.twitter.com/GjUv3Bxuas,[],[],['https://pbs.twimg.com/media/EF1CFDjXYAEH-OI.jpg'],0,0,0,[],[],https://twitter.com/a_dunn_deal/status/1179171337371361281,False,,0,,,,,,,"[{'user_id': '1166886141137694720', 'username': 'a_dunn_deal'}]",,,,
1179079748133249024,1179079748133249024,1569949492000,2019-10-01,18:04:52,GMT Summer Time,22451436,novarift,Nova Rift check the pin!,,Here's my install link for Raid: Shadow Legends. Get it through this link and both of us will get some free stuff to boost us along! #ad  https://link.plrm.zone/app/bel5e¬†,[],['https://link.plrm.zone/app/bel5e'],[],0,0,0,['#ad'],[],https://twitter.com/novarift/status/1179079748133249024,False,,0,,,,,,,"[{'user_id': '22451436', 'username': 'novarift'}]",,,,
1179027923937808384,1178900276415209472,1569937137000,2019-10-01,14:38:57,GMT Summer Time,479972994,notsomrhappy,Wes,,I refuse to play strictly because every 3 minutes I see an ad for their game. I‚Äôve been playing Raid shadow legends to pass time,['mookieix'],[],[],1,0,0,[],[],https://twitter.com/NOTsoMrHappy/status/1179027923937808384,False,,0,,,,,,,"[{'user_id': '479972994', 'username': 'NOTsoMrHappy'}, {'user_id': '408958182', 'username': 'MookieIX'}]",,,,
1179025476112850945,1178682852910780417,1569936553000,2019-10-01,14:29:13,GMT Summer Time,791362318575828992,hamesalwayswins,HamesAlwaysWins,,The raid shadow legends ads haunt my fucking dreams,['misterflak86'],[],[],0,0,1,[],[],https://twitter.com/HamesAlwaysWins/status/1179025476112850945,False,,0,,,,,,,"[{'user_id': '791362318575828992', 'username': 'HamesAlwaysWins'}, {'user_id': '849921745415016452', 'username': 'MisterFlak86'}]",,,,
1178872791841431552,1178872791841431552,1569900150000,2019-10-01,04:22:30,GMT Summer Time,3291909085,bulldozerboser,Tanner Boser,,@YouTube I swear to fuck I‚Äôm never going to play Raid: Shadow Legends.  What do I have to say to my phone to get targeted for some new ads?  Please... I‚Äôm begging you.,['youtube'],[],[],0,0,0,[],[],https://twitter.com/BulldozerBoser/status/1178872791841431552,False,,0,,,,,,,"[{'user_id': '3291909085', 'username': 'BulldozerBoser'}, {'user_id': '10228272', 'username': 'YouTube'}]",,,,
1178855278298750976,1178855278298750976,1569895975000,2019-10-01,03:12:55,GMT Summer Time,885656692041670656,wheelingcorby,ùìÇùìá. ùí∑ùí∂ùìâùìâùìé,,I swear to god if I see one more ad for Raid Shadow Legends I'm going to put a bullet up my ass,[],[],[],1,0,1,[],[],https://twitter.com/WheelingCorby/status/1178855278298750976,False,,0,,,,,,,"[{'user_id': '885656692041670656', 'username': 'WheelingCorby'}]",,,,
1178821026408538113,1178821026408538113,1569887808000,2019-10-01,00:56:48,GMT Summer Time,1037665533133578240,xp070,Xavier,,If I see another fucking ad for fucking Raid: Shadow Legends I might actually fucking kill myself.,[],[],[],0,0,0,[],[],https://twitter.com/Xp070/status/1178821026408538113,False,,0,,,,,,,"[{'user_id': '1037665533133578240', 'username': 'Xp070'}]",,,,
1178804957979525121,1178804957979525121,1569883977000,2019-09-30,23:52:57,GMT Summer Time,780914526992625664,dreeno0,Chaotic Stupid,,Every time I see a Raid Shadow Legends ad in a video I just wanna scream,[],[],[],4,1,2,[],[],https://twitter.com/Dreeno0/status/1178804957979525121,False,,0,,,,,,,"[{'user_id': '780914526992625664', 'username': 'Dreeno0'}]",,,,
1178500417543688192,1178500417543688192,1569811369000,2019-09-30,03:42:49,GMT Summer Time,987604868,babysnoops,lo,,"me watching transformers Burger King toy unboxing videos at 4am:

YouTube ad: üö®üö®LETS PLAY RAID SHADOW LEGENDSüö®üö®",[],[],[],0,0,3,[],[],https://twitter.com/babysnoops/status/1178500417543688192,False,,0,,,,,,,"[{'user_id': '987604868', 'username': 'babysnoops'}]",,,,
1178474888186740737,1178474888186740737,1569805283000,2019-09-30,02:01:23,GMT Summer Time,969018065613737986,swag_me_hyde,Lord Balls The Third,,"everytime i get the ad on YouTube that says ""let's play raid shadow legend"" i just say ""no""",[],[],[],1,0,1,[],[],https://twitter.com/Swag_Me_Hyde/status/1178474888186740737,False,,0,,,,,,,"[{'user_id': '969018065613737986', 'username': 'Swag_Me_Hyde'}]",,,,
1178327456324960261,1178327456324960261,1569770132000,2019-09-29,16:15:32,GMT Summer Time,434310755,zach_spark,Spark(Venom event),,"No one:
Youtube ads: Try Raid shadow legends
Me:  pic.twitter.com/qSLvO2KHkV",[],[],['https://pbs.twimg.com/media/EFpCk5PWsAAvFtE.jpg'],0,1,2,[],[],https://twitter.com/Zach_Spark/status/1178327456324960261,False,,0,,,,,,,"[{'user_id': '434310755', 'username': 'Zach_Spark'}]",,,,
1178167541178482689,1178167541178482689,1569732005000,2019-09-29,05:40:05,GMT Summer Time,704905235823796224,_jolitero,Jolitero,,How the fuck did Internet Historian make a Raid Shadow Legends ad good? HOW,[],[],[],0,0,1,[],[],https://twitter.com/_Jolitero/status/1178167541178482689,False,,0,,,,,,,"[{'user_id': '704905235823796224', 'username': '_Jolitero'}]",,,,
1178128354177892352,1178128354177892352,1569722662000,2019-09-29,03:04:22,GMT Summer Time,318895067,pepsuchan,pepsuchan,,who the fuck cares about raid shadow legends im tired of seeing this ad,[],[],[],1,0,0,[],[],https://twitter.com/pepsuchan/status/1178128354177892352,False,,0,,,,,,,"[{'user_id': '318895067', 'username': 'pepsuchan'}]",,,,
1178113999889551362,1178113999889551362,1569719240000,2019-09-29,02:07:20,GMT Summer Time,2941794579,turtle_mocha,üê¶Turtle Mochaüê¶,,"Sponsored ads in youtube videos have gotten so intrusive, no I am absolutely not going to play raid shadow legends",[],[],[],0,0,0,[],[],https://twitter.com/Turtle_Mocha/status/1178113999889551362,False,,0,,,,,,,"[{'user_id': '2941794579', 'username': 'Turtle_Mocha'}]",,,,
1178031704952512514,1178027893366181889,1569699619000,2019-09-28,20:40:19,GMT Summer Time,936632948396318720,heartscorner_,Heart,,should do art that is an ad for raid shadow legends featuring lewdtias champion.,['quin_nsfw'],[],[],0,0,2,[],[],https://twitter.com/HeartsCorner_/status/1178031704952512514,False,,0,,,,,,,"[{'user_id': '936632948396318720', 'username': 'HeartsCorner_'}, {'user_id': '193713302', 'username': 'Quin_nsfw'}]",,,,
1178002572851982336,1178002572851982336,1569692674000,2019-09-28,18:44:34,GMT Summer Time,982996242832740353,theobesejoker03,sub2BigPoppaPringle,,I swear @NetHistorian is the only Youtuber that I watch their Ad reads. His Raid Shadow Legends one in the new vid killed me.,['nethistorian'],[],[],1,0,0,[],[],https://twitter.com/TheObeseJoker03/status/1178002572851982336,False,,0,,,,,,,"[{'user_id': '982996242832740353', 'username': 'TheObeseJoker03'}, {'user_id': '819200364675072000', 'username': 'NetHistorian'}]",,,,
1177992799263875072,1177992799263875072,1569690344000,2019-09-28,18:05:44,GMT Summer Time,329468985,adamservice,Charmhole,,"Nachos Bell Grande $5 Box
Now Available at your local Taco Bell
This ad brought to you by:
RAID: Shadow Legends
Play For FREE!",[],[],[],0,0,0,[],[],https://twitter.com/AdamService/status/1177992799263875072,False,,0,,,,,,,"[{'user_id': '329468985', 'username': 'AdamService'}]",,,,
1177973597949833216,1177973597949833216,1569685766000,2019-09-28,16:49:26,GMT Summer Time,299022077,zarycolour,bORB üê¶,,i never enjoyed phone games but i tried raid shadow legends and i kinda like it but what the hell i get so many microtransaction ads is this all phone games,[],[],[],1,0,0,[],[],https://twitter.com/Zarycolour/status/1177973597949833216,False,,0,,,,,,,"[{'user_id': '299022077', 'username': 'Zarycolour'}]",,,,
1177966938045259778,1177966344559632384,1569684178000,2019-09-28,16:22:58,GMT Summer Time,872180204462067717,lordkraken3,LordKraken3,,"Nah, it's being funded by ads for Amazon VR, Raid Shadow Legends and Pokemon Masters.",['lonelygoomba'],[],[],1,0,7,[],[],https://twitter.com/LordKraken3/status/1177966938045259778,False,,0,,,,,,,"[{'user_id': '872180204462067717', 'username': 'LordKraken3'}, {'user_id': '216456359', 'username': 'LonelyGoomba'}]",,,,
1177696705107632128,1177696705107632128,1569619749000,2019-09-27,22:29:09,GMT Summer Time,33319989,aunshay,s ú·¥Ä·¥ú…¥,,"I am so fucking sick of ""THIS VIDEO IS SPONSORED BY RAID SHADOW LEGENDS"" like fuck off I don't care about your shitty mobile RPG please stop oversaturating the ad space with the same prewritten press blurb on every YouTube channel ever",[],[],[],0,0,2,[],[],https://twitter.com/Aunshay/status/1177696705107632128,False,,0,,,,,,,"[{'user_id': '33319989', 'username': 'Aunshay'}]",,,,
1177490463021887489,1177490463021887489,1569570577000,2019-09-27,08:49:37,GMT Summer Time,861360113482727424,isthatadrian,MagusRuby,,You know what Raid Shadow Legends has really good youtube ads.,[],[],[],0,0,1,[],[],https://twitter.com/IsThatAdrian/status/1177490463021887489,False,,0,,,,,,,"[{'user_id': '861360113482727424', 'username': 'IsThatAdrian'}]",,,,
1177406300302364674,1177406300302364674,1569550511000,2019-09-27,03:15:11,GMT Summer Time,3018655826,omega_yato,Oh god oh fuck,,All these youtubers and their Raid: Shadow Legends sponsor ads,[],[],[],0,0,0,[],[],https://twitter.com/Omega_Yato/status/1177406300302364674,False,,0,,,,,,,"[{'user_id': '3018655826', 'username': 'Omega_Yato'}]",,,,
1187089443653599233,1187089443653599233,1571859153000,2019-10-23,20:32:33,GMT Summer Time,20317658,al2009man,Al. Lopez,,"I was thinking about making fun of Raid: Shadow Legends adverts (while telling people to play Fate/Grand Order), but @Foekoe beat me to it. https://youtu.be/VEdY94lCs_k¬†",['foekoe'],['https://youtu.be/VEdY94lCs_k'],[],0,0,0,[],[],https://twitter.com/AL2009man/status/1187089443653599233,False,,0,,,,,,,"[{'user_id': '20317658', 'username': 'AL2009man'}, {'user_id': '713730992696074240', 'username': 'Foekoe'}]",,,,
1183188556455403520,1183085589064757248,1570929109000,2019-10-13,02:11:49,GMT Summer Time,39196061,hoopsanz,Hoops,,As long as it isn‚Äôt Raid Shadow legends I‚Äôll be fine with it. Or does every creator pick Raid cause their adverts take them over 10 mins of content,"['sniping_soup', 'the_dooo']",[],[],0,0,1,[],[],https://twitter.com/HoopsANZ/status/1183188556455403520,False,,0,,,,,,,"[{'user_id': '39196061', 'username': 'HoopsANZ'}, {'user_id': '476842372', 'username': 'Sniping_Soup'}, {'user_id': '1660993580', 'username': 'The_Dooo'}]",,,,
