It&#39;s just common sense.,New York City Mayor Bill de Blasio Holds Press Conference On Coronavirus | NBC News (Live Stream)
It&#39;s just common sense.,Labour blame their loss on everyone but themselves
It&#39;s just common sense.,Labour Party Chairman Ian Lavery Criticises the Party's Policy on Brexit | Good Morning Britain
It&#39;s just common sense.,"With overwhelming Conservative win, Boris Johnson can deliver Brexit"
It&#39;s just common sense.,General Election 2019: The Labour Party in 60 seconds
It&#39;s just common sense.,Special Report: Coronavirus Task Force Holds News Conference | NBC News (Live Stream)
It&#39;s just common sense.,Adam Hills on Labour Manifesto & Tories Twitter Controversy | The Last Leg
It&#39;s just common sense.,Jeremy Corbyn | Real change.
It&#39;s just common sense.,LIVE: Matt Hancock answers MPs' Urgent Questions on coronavirus in Parliament
It&#39;s just common sense.,Where did it all go wrong for Jeremy Corbyn and Labour?
It&#39;s just common sense.,We're Rebuilding Britain
It&#39;s just common sense.,Alastair Campbell and Piers Row Over the Election Result | Good Morning Britain
It&#39;s just common sense.,"Boris Johnson CLASHES with Jeremy Corbyn: ""A new GOLDEN AGE is in reach"" - Queen's Speech debate"
It&#39;s just common sense.,General Election 2019: The Conservative Party in 60 seconds
It&#39;s just common sense.,Jeremy Corbyn launches Labour Party manifesto
It&#39;s just common sense.,Labour stronghold mourns defeat in crucial UK election
It&#39;s just common sense.,What we know about Labour and Conservatives general election campaign
It&#39;s just common sense.,"REVEALED: the truth about the Conservatives, Donald Trump and our NHS."
It&#39;s just common sense.,"DR. DAVID STARKEY: NCF SMITH LECTURE 2019 - ""Brexit & Our Constitutional Crisis: History's Lesson""."
It&#39;s just common sense.,Members of the Coronavirus Task Force Hold a Press Briefing
We&#39;re Rebuilding Britain,New York City Mayor Bill de Blasio Holds Press Conference On Coronavirus | NBC News (Live Stream)
We&#39;re Rebuilding Britain,Labour blame their loss on everyone but themselves
We&#39;re Rebuilding Britain,Labour Party Chairman Ian Lavery Criticises the Party's Policy on Brexit | Good Morning Britain
We&#39;re Rebuilding Britain,"With overwhelming Conservative win, Boris Johnson can deliver Brexit"
We&#39;re Rebuilding Britain,General Election 2019: The Labour Party in 60 seconds
We&#39;re Rebuilding Britain,Special Report: Coronavirus Task Force Holds News Conference | NBC News (Live Stream)
We&#39;re Rebuilding Britain,Adam Hills on Labour Manifesto & Tories Twitter Controversy | The Last Leg
We&#39;re Rebuilding Britain,Jeremy Corbyn | Real change.
We&#39;re Rebuilding Britain,LIVE: Matt Hancock answers MPs' Urgent Questions on coronavirus in Parliament
We&#39;re Rebuilding Britain,Where did it all go wrong for Jeremy Corbyn and Labour?
We&#39;re Rebuilding Britain,We're Rebuilding Britain
We&#39;re Rebuilding Britain,Alastair Campbell and Piers Row Over the Election Result | Good Morning Britain
We&#39;re Rebuilding Britain,"Boris Johnson CLASHES with Jeremy Corbyn: ""A new GOLDEN AGE is in reach"" - Queen's Speech debate"
We&#39;re Rebuilding Britain,General Election 2019: The Conservative Party in 60 seconds
We&#39;re Rebuilding Britain,Jeremy Corbyn launches Labour Party manifesto
We&#39;re Rebuilding Britain,Labour stronghold mourns defeat in crucial UK election
We&#39;re Rebuilding Britain,What we know about Labour and Conservatives general election campaign
We&#39;re Rebuilding Britain,"REVEALED: the truth about the Conservatives, Donald Trump and our NHS."
We&#39;re Rebuilding Britain,"DR. DAVID STARKEY: NCF SMITH LECTURE 2019 - ""Brexit & Our Constitutional Crisis: History's Lesson""."
We&#39;re Rebuilding Britain,Members of the Coronavirus Task Force Hold a Press Briefing
What’s the choice in this election?,New York City Mayor Bill de Blasio Holds Press Conference On Coronavirus | NBC News (Live Stream)
What’s the choice in this election?,Labour blame their loss on everyone but themselves
What’s the choice in this election?,Labour Party Chairman Ian Lavery Criticises the Party's Policy on Brexit | Good Morning Britain
What’s the choice in this election?,"With overwhelming Conservative win, Boris Johnson can deliver Brexit"
What’s the choice in this election?,General Election 2019: The Labour Party in 60 seconds
What’s the choice in this election?,Special Report: Coronavirus Task Force Holds News Conference | NBC News (Live Stream)
What’s the choice in this election?,Adam Hills on Labour Manifesto & Tories Twitter Controversy | The Last Leg
What’s the choice in this election?,Jeremy Corbyn | Real change.
What’s the choice in this election?,LIVE: Matt Hancock answers MPs' Urgent Questions on coronavirus in Parliament
What’s the choice in this election?,Where did it all go wrong for Jeremy Corbyn and Labour?
What’s the choice in this election?,We're Rebuilding Britain
What’s the choice in this election?,Alastair Campbell and Piers Row Over the Election Result | Good Morning Britain
What’s the choice in this election?,"Boris Johnson CLASHES with Jeremy Corbyn: ""A new GOLDEN AGE is in reach"" - Queen's Speech debate"
What’s the choice in this election?,General Election 2019: The Conservative Party in 60 seconds
What’s the choice in this election?,Jeremy Corbyn launches Labour Party manifesto
What’s the choice in this election?,Labour stronghold mourns defeat in crucial UK election
What’s the choice in this election?,What we know about Labour and Conservatives general election campaign
What’s the choice in this election?,"REVEALED: the truth about the Conservatives, Donald Trump and our NHS."
What’s the choice in this election?,"DR. DAVID STARKEY: NCF SMITH LECTURE 2019 - ""Brexit & Our Constitutional Crisis: History's Lesson""."
What’s the choice in this election?,Members of the Coronavirus Task Force Hold a Press Briefing
The Road Ahead,New York City Mayor Bill de Blasio Holds Press Conference On Coronavirus | NBC News (Live Stream)
The Road Ahead,Labour blame their loss on everyone but themselves
The Road Ahead,Labour Party Chairman Ian Lavery Criticises the Party's Policy on Brexit | Good Morning Britain
The Road Ahead,"With overwhelming Conservative win, Boris Johnson can deliver Brexit"
The Road Ahead,General Election 2019: The Labour Party in 60 seconds
The Road Ahead,Special Report: Coronavirus Task Force Holds News Conference | NBC News (Live Stream)
The Road Ahead,Adam Hills on Labour Manifesto & Tories Twitter Controversy | The Last Leg
The Road Ahead,Jeremy Corbyn | Real change.
The Road Ahead,LIVE: Matt Hancock answers MPs' Urgent Questions on coronavirus in Parliament
The Road Ahead,Where did it all go wrong for Jeremy Corbyn and Labour?
The Road Ahead,We're Rebuilding Britain
The Road Ahead,Alastair Campbell and Piers Row Over the Election Result | Good Morning Britain
The Road Ahead,"Boris Johnson CLASHES with Jeremy Corbyn: ""A new GOLDEN AGE is in reach"" - Queen's Speech debate"
The Road Ahead,General Election 2019: The Conservative Party in 60 seconds
The Road Ahead,Jeremy Corbyn launches Labour Party manifesto
The Road Ahead,Labour stronghold mourns defeat in crucial UK election
The Road Ahead,What we know about Labour and Conservatives general election campaign
The Road Ahead,"REVEALED: the truth about the Conservatives, Donald Trump and our NHS."
The Road Ahead,"DR. DAVID STARKEY: NCF SMITH LECTURE 2019 - ""Brexit & Our Constitutional Crisis: History's Lesson""."
The Road Ahead,Members of the Coronavirus Task Force Hold a Press Briefing
The Nasty Party,New York City Mayor Bill de Blasio Holds Press Conference On Coronavirus | NBC News (Live Stream)
The Nasty Party,Labour blame their loss on everyone but themselves
The Nasty Party,Labour Party Chairman Ian Lavery Criticises the Party's Policy on Brexit | Good Morning Britain
The Nasty Party,"With overwhelming Conservative win, Boris Johnson can deliver Brexit"
The Nasty Party,General Election 2019: The Labour Party in 60 seconds
The Nasty Party,Special Report: Coronavirus Task Force Holds News Conference | NBC News (Live Stream)
The Nasty Party,Adam Hills on Labour Manifesto & Tories Twitter Controversy | The Last Leg
The Nasty Party,Jeremy Corbyn | Real change.
The Nasty Party,LIVE: Matt Hancock answers MPs' Urgent Questions on coronavirus in Parliament
The Nasty Party,Where did it all go wrong for Jeremy Corbyn and Labour?
The Nasty Party,We're Rebuilding Britain
The Nasty Party,Alastair Campbell and Piers Row Over the Election Result | Good Morning Britain
The Nasty Party,"Boris Johnson CLASHES with Jeremy Corbyn: ""A new GOLDEN AGE is in reach"" - Queen's Speech debate"
The Nasty Party,General Election 2019: The Conservative Party in 60 seconds
The Nasty Party,Jeremy Corbyn launches Labour Party manifesto
The Nasty Party,Labour stronghold mourns defeat in crucial UK election
The Nasty Party,What we know about Labour and Conservatives general election campaign
The Nasty Party,"REVEALED: the truth about the Conservatives, Donald Trump and our NHS."
The Nasty Party,"DR. DAVID STARKEY: NCF SMITH LECTURE 2019 - ""Brexit & Our Constitutional Crisis: History's Lesson""."
The Nasty Party,Members of the Coronavirus Task Force Hold a Press Briefing
A decent society looks after its people,New York City Mayor Bill de Blasio Holds Press Conference On Coronavirus | NBC News (Live Stream)
A decent society looks after its people,Labour blame their loss on everyone but themselves
A decent society looks after its people,Labour Party Chairman Ian Lavery Criticises the Party's Policy on Brexit | Good Morning Britain
A decent society looks after its people,"With overwhelming Conservative win, Boris Johnson can deliver Brexit"
A decent society looks after its people,General Election 2019: The Labour Party in 60 seconds
A decent society looks after its people,Special Report: Coronavirus Task Force Holds News Conference | NBC News (Live Stream)
A decent society looks after its people,Adam Hills on Labour Manifesto & Tories Twitter Controversy | The Last Leg
A decent society looks after its people,Jeremy Corbyn | Real change.
A decent society looks after its people,LIVE: Matt Hancock answers MPs' Urgent Questions on coronavirus in Parliament
A decent society looks after its people,Where did it all go wrong for Jeremy Corbyn and Labour?
A decent society looks after its people,We're Rebuilding Britain
A decent society looks after its people,Alastair Campbell and Piers Row Over the Election Result | Good Morning Britain
A decent society looks after its people,"Boris Johnson CLASHES with Jeremy Corbyn: ""A new GOLDEN AGE is in reach"" - Queen's Speech debate"
A decent society looks after its people,General Election 2019: The Conservative Party in 60 seconds
A decent society looks after its people,Jeremy Corbyn launches Labour Party manifesto
A decent society looks after its people,Labour stronghold mourns defeat in crucial UK election
A decent society looks after its people,What we know about Labour and Conservatives general election campaign
A decent society looks after its people,"REVEALED: the truth about the Conservatives, Donald Trump and our NHS."
A decent society looks after its people,"DR. DAVID STARKEY: NCF SMITH LECTURE 2019 - ""Brexit & Our Constitutional Crisis: History's Lesson""."
A decent society looks after its people,Members of the Coronavirus Task Force Hold a Press Briefing
Austerity isn&#39;t over.,New York City Mayor Bill de Blasio Holds Press Conference On Coronavirus | NBC News (Live Stream)
Austerity isn&#39;t over.,Labour blame their loss on everyone but themselves
Austerity isn&#39;t over.,Labour Party Chairman Ian Lavery Criticises the Party's Policy on Brexit | Good Morning Britain
Austerity isn&#39;t over.,"With overwhelming Conservative win, Boris Johnson can deliver Brexit"
Austerity isn&#39;t over.,General Election 2019: The Labour Party in 60 seconds
Austerity isn&#39;t over.,Special Report: Coronavirus Task Force Holds News Conference | NBC News (Live Stream)
Austerity isn&#39;t over.,Adam Hills on Labour Manifesto & Tories Twitter Controversy | The Last Leg
Austerity isn&#39;t over.,Jeremy Corbyn | Real change.
Austerity isn&#39;t over.,LIVE: Matt Hancock answers MPs' Urgent Questions on coronavirus in Parliament
Austerity isn&#39;t over.,Where did it all go wrong for Jeremy Corbyn and Labour?
Austerity isn&#39;t over.,We're Rebuilding Britain
Austerity isn&#39;t over.,Alastair Campbell and Piers Row Over the Election Result | Good Morning Britain
Austerity isn&#39;t over.,"Boris Johnson CLASHES with Jeremy Corbyn: ""A new GOLDEN AGE is in reach"" - Queen's Speech debate"
Austerity isn&#39;t over.,General Election 2019: The Conservative Party in 60 seconds
Austerity isn&#39;t over.,Jeremy Corbyn launches Labour Party manifesto
Austerity isn&#39;t over.,Labour stronghold mourns defeat in crucial UK election
Austerity isn&#39;t over.,What we know about Labour and Conservatives general election campaign
Austerity isn&#39;t over.,"REVEALED: the truth about the Conservatives, Donald Trump and our NHS."
Austerity isn&#39;t over.,"DR. DAVID STARKEY: NCF SMITH LECTURE 2019 - ""Brexit & Our Constitutional Crisis: History's Lesson""."
Austerity isn&#39;t over.,Members of the Coronavirus Task Force Hold a Press Briefing
Steve Coogan on the choice in this election,New York City Mayor Bill de Blasio Holds Press Conference On Coronavirus | NBC News (Live Stream)
Steve Coogan on the choice in this election,Labour blame their loss on everyone but themselves
Steve Coogan on the choice in this election,Labour Party Chairman Ian Lavery Criticises the Party's Policy on Brexit | Good Morning Britain
Steve Coogan on the choice in this election,"With overwhelming Conservative win, Boris Johnson can deliver Brexit"
Steve Coogan on the choice in this election,General Election 2019: The Labour Party in 60 seconds
Steve Coogan on the choice in this election,Special Report: Coronavirus Task Force Holds News Conference | NBC News (Live Stream)
Steve Coogan on the choice in this election,Adam Hills on Labour Manifesto & Tories Twitter Controversy | The Last Leg
Steve Coogan on the choice in this election,Jeremy Corbyn | Real change.
Steve Coogan on the choice in this election,LIVE: Matt Hancock answers MPs' Urgent Questions on coronavirus in Parliament
Steve Coogan on the choice in this election,Where did it all go wrong for Jeremy Corbyn and Labour?
Steve Coogan on the choice in this election,We're Rebuilding Britain
Steve Coogan on the choice in this election,Alastair Campbell and Piers Row Over the Election Result | Good Morning Britain
Steve Coogan on the choice in this election,"Boris Johnson CLASHES with Jeremy Corbyn: ""A new GOLDEN AGE is in reach"" - Queen's Speech debate"
Steve Coogan on the choice in this election,General Election 2019: The Conservative Party in 60 seconds
Steve Coogan on the choice in this election,Jeremy Corbyn launches Labour Party manifesto
Steve Coogan on the choice in this election,Labour stronghold mourns defeat in crucial UK election
Steve Coogan on the choice in this election,What we know about Labour and Conservatives general election campaign
Steve Coogan on the choice in this election,"REVEALED: the truth about the Conservatives, Donald Trump and our NHS."
Steve Coogan on the choice in this election,"DR. DAVID STARKEY: NCF SMITH LECTURE 2019 - ""Brexit & Our Constitutional Crisis: History's Lesson""."
Steve Coogan on the choice in this election,Members of the Coronavirus Task Force Hold a Press Briefing
How Does Labour&#39;s National Policy Forum Work?,New York City Mayor Bill de Blasio Holds Press Conference On Coronavirus | NBC News (Live Stream)
How Does Labour&#39;s National Policy Forum Work?,Labour blame their loss on everyone but themselves
How Does Labour&#39;s National Policy Forum Work?,Labour Party Chairman Ian Lavery Criticises the Party's Policy on Brexit | Good Morning Britain
How Does Labour&#39;s National Policy Forum Work?,"With overwhelming Conservative win, Boris Johnson can deliver Brexit"
How Does Labour&#39;s National Policy Forum Work?,General Election 2019: The Labour Party in 60 seconds
How Does Labour&#39;s National Policy Forum Work?,Special Report: Coronavirus Task Force Holds News Conference | NBC News (Live Stream)
How Does Labour&#39;s National Policy Forum Work?,Adam Hills on Labour Manifesto & Tories Twitter Controversy | The Last Leg
How Does Labour&#39;s National Policy Forum Work?,Jeremy Corbyn | Real change.
How Does Labour&#39;s National Policy Forum Work?,LIVE: Matt Hancock answers MPs' Urgent Questions on coronavirus in Parliament
How Does Labour&#39;s National Policy Forum Work?,Where did it all go wrong for Jeremy Corbyn and Labour?
How Does Labour&#39;s National Policy Forum Work?,We're Rebuilding Britain
How Does Labour&#39;s National Policy Forum Work?,Alastair Campbell and Piers Row Over the Election Result | Good Morning Britain
How Does Labour&#39;s National Policy Forum Work?,"Boris Johnson CLASHES with Jeremy Corbyn: ""A new GOLDEN AGE is in reach"" - Queen's Speech debate"
How Does Labour&#39;s National Policy Forum Work?,General Election 2019: The Conservative Party in 60 seconds
How Does Labour&#39;s National Policy Forum Work?,Jeremy Corbyn launches Labour Party manifesto
How Does Labour&#39;s National Policy Forum Work?,Labour stronghold mourns defeat in crucial UK election
How Does Labour&#39;s National Policy Forum Work?,What we know about Labour and Conservatives general election campaign
How Does Labour&#39;s National Policy Forum Work?,"REVEALED: the truth about the Conservatives, Donald Trump and our NHS."
How Does Labour&#39;s National Policy Forum Work?,"DR. DAVID STARKEY: NCF SMITH LECTURE 2019 - ""Brexit & Our Constitutional Crisis: History's Lesson""."
How Does Labour&#39;s National Policy Forum Work?,Members of the Coronavirus Task Force Hold a Press Briefing
BSL Manifesto: A New Internationalism,New York City Mayor Bill de Blasio Holds Press Conference On Coronavirus | NBC News (Live Stream)
BSL Manifesto: A New Internationalism,Labour blame their loss on everyone but themselves
BSL Manifesto: A New Internationalism,Labour Party Chairman Ian Lavery Criticises the Party's Policy on Brexit | Good Morning Britain
BSL Manifesto: A New Internationalism,"With overwhelming Conservative win, Boris Johnson can deliver Brexit"
BSL Manifesto: A New Internationalism,General Election 2019: The Labour Party in 60 seconds
BSL Manifesto: A New Internationalism,Special Report: Coronavirus Task Force Holds News Conference | NBC News (Live Stream)
BSL Manifesto: A New Internationalism,Adam Hills on Labour Manifesto & Tories Twitter Controversy | The Last Leg
BSL Manifesto: A New Internationalism,Jeremy Corbyn | Real change.
BSL Manifesto: A New Internationalism,LIVE: Matt Hancock answers MPs' Urgent Questions on coronavirus in Parliament
BSL Manifesto: A New Internationalism,Where did it all go wrong for Jeremy Corbyn and Labour?
BSL Manifesto: A New Internationalism,We're Rebuilding Britain
BSL Manifesto: A New Internationalism,Alastair Campbell and Piers Row Over the Election Result | Good Morning Britain
BSL Manifesto: A New Internationalism,"Boris Johnson CLASHES with Jeremy Corbyn: ""A new GOLDEN AGE is in reach"" - Queen's Speech debate"
BSL Manifesto: A New Internationalism,General Election 2019: The Conservative Party in 60 seconds
BSL Manifesto: A New Internationalism,Jeremy Corbyn launches Labour Party manifesto
BSL Manifesto: A New Internationalism,Labour stronghold mourns defeat in crucial UK election
BSL Manifesto: A New Internationalism,What we know about Labour and Conservatives general election campaign
BSL Manifesto: A New Internationalism,"REVEALED: the truth about the Conservatives, Donald Trump and our NHS."
BSL Manifesto: A New Internationalism,"DR. DAVID STARKEY: NCF SMITH LECTURE 2019 - ""Brexit & Our Constitutional Crisis: History's Lesson""."
BSL Manifesto: A New Internationalism,Members of the Coronavirus Task Force Hold a Press Briefing
