RAID: Shadow Legends | Couples Therapy | Silent Treatment (Official Commercial),~KEEP These Rares!~ **NOT FOOD** (RAID: Shadow Legends)
RAID: Shadow Legends | Couples Therapy | Silent Treatment (Official Commercial),RAID: Shadow Legends | Choose Your Champion | Boss Beginnings (Official Commercial)
RAID: Shadow Legends | Couples Therapy | Silent Treatment (Official Commercial),*5* Tips to get ~STRONGER QUICKLY~ in Raid Shadow Legends
RAID: Shadow Legends | Couples Therapy | Silent Treatment (Official Commercial),ARMIGERS TEAM SPIDER 20 | 4 UNCOMMONS TEAM | RAID SHADOW LEGENDS
RAID: Shadow Legends | Couples Therapy | Silent Treatment (Official Commercial),46X SACRED SHARDS !!... HOW MANY LEGENDARIES !? | 2x Sacred Event ! | RAID: Shadow Legends
RAID: Shadow Legends | Couples Therapy | Silent Treatment (Official Commercial),~EASIEST WAY~ to 6* Star a Champion in RAID: Shadow Legends (8 Step Method)
RAID: Shadow Legends | Couples Therapy | Silent Treatment (Official Commercial),RAID: Shadow Legends | Champion Therapy | Let It All Out (Official Commercial)
RAID: Shadow Legends | Couples Therapy | Silent Treatment (Official Commercial),"Tips & Important Info for ~ACCOUNT LEVELS~ in RAID: Shadow Legends (250,000+ Energy for Lvl 100)"
RAID: Shadow Legends | Couples Therapy | Silent Treatment (Official Commercial),RAID: Shadow Legends | Mean Comments | Deathknight & Galek (Official Commercial)
RAID: Shadow Legends | Couples Therapy | Silent Treatment (Official Commercial),Best & Worst Ways to Get Good Artifacts in Raid Shadow Legends
RAID: Shadow Legends | Couples Therapy | Silent Treatment (Official Commercial),RAID: Shadow Legends | Champion Spotlight | Maulie Tankard
RAID: Shadow Legends | Couples Therapy | Silent Treatment (Official Commercial),Top 5 Reasons To QUIT RAID: Shadow Legends
RAID: Shadow Legends | Couples Therapy | Silent Treatment (Official Commercial),THE BIGGEST SHARD OPENING YET - RAID: Shadow Legends - Episode 43
RAID: Shadow Legends | Couples Therapy | Silent Treatment (Official Commercial),RAID: Shadow Legends | Choose Your Champion | Fired! (Official Commercial)
RAID: Shadow Legends | Couples Therapy | Silent Treatment (Official Commercial),RAID: Shadow Legends | HE WHALED TOOOO HARD!
RAID: Shadow Legends | Couples Therapy | Silent Treatment (Official Commercial),Top 5 Champions for EVERY Dungeon (Non Legendary)
RAID: Shadow Legends | Couples Therapy | Silent Treatment (Official Commercial),"RAID: Shadow Legends | 3 Ways to win in the arena, Cleave, Tactical Nuke and blender!"
RAID: Shadow Legends | Couples Therapy | Silent Treatment (Official Commercial),RAID: Garbage Legends
RAID: Shadow Legends | Choose Your Champion | Boss Beginnings (Official Commercial),~KEEP These Rares!~ **NOT FOOD** (RAID: Shadow Legends)
RAID: Shadow Legends | Choose Your Champion | Boss Beginnings (Official Commercial),RAID: Shadow Legends | Choose Your Champion | Boss Beginnings (Official Commercial)
RAID: Shadow Legends | Choose Your Champion | Boss Beginnings (Official Commercial),*5* Tips to get ~STRONGER QUICKLY~ in Raid Shadow Legends
RAID: Shadow Legends | Choose Your Champion | Boss Beginnings (Official Commercial),ARMIGERS TEAM SPIDER 20 | 4 UNCOMMONS TEAM | RAID SHADOW LEGENDS
RAID: Shadow Legends | Choose Your Champion | Boss Beginnings (Official Commercial),46X SACRED SHARDS !!... HOW MANY LEGENDARIES !? | 2x Sacred Event ! | RAID: Shadow Legends
RAID: Shadow Legends | Choose Your Champion | Boss Beginnings (Official Commercial),~EASIEST WAY~ to 6* Star a Champion in RAID: Shadow Legends (8 Step Method)
RAID: Shadow Legends | Choose Your Champion | Boss Beginnings (Official Commercial),RAID: Shadow Legends | Champion Therapy | Let It All Out (Official Commercial)
RAID: Shadow Legends | Choose Your Champion | Boss Beginnings (Official Commercial),"Tips & Important Info for ~ACCOUNT LEVELS~ in RAID: Shadow Legends (250,000+ Energy for Lvl 100)"
RAID: Shadow Legends | Choose Your Champion | Boss Beginnings (Official Commercial),RAID: Shadow Legends | Mean Comments | Deathknight & Galek (Official Commercial)
RAID: Shadow Legends | Choose Your Champion | Boss Beginnings (Official Commercial),Best & Worst Ways to Get Good Artifacts in Raid Shadow Legends
RAID: Shadow Legends | Choose Your Champion | Boss Beginnings (Official Commercial),RAID: Shadow Legends | Champion Spotlight | Maulie Tankard
RAID: Shadow Legends | Choose Your Champion | Boss Beginnings (Official Commercial),Top 5 Reasons To QUIT RAID: Shadow Legends
RAID: Shadow Legends | Choose Your Champion | Boss Beginnings (Official Commercial),THE BIGGEST SHARD OPENING YET - RAID: Shadow Legends - Episode 43
RAID: Shadow Legends | Choose Your Champion | Boss Beginnings (Official Commercial),RAID: Shadow Legends | Choose Your Champion | Fired! (Official Commercial)
RAID: Shadow Legends | Choose Your Champion | Boss Beginnings (Official Commercial),RAID: Shadow Legends | HE WHALED TOOOO HARD!
RAID: Shadow Legends | Choose Your Champion | Boss Beginnings (Official Commercial),Top 5 Champions for EVERY Dungeon (Non Legendary)
RAID: Shadow Legends | Choose Your Champion | Boss Beginnings (Official Commercial),"RAID: Shadow Legends | 3 Ways to win in the arena, Cleave, Tactical Nuke and blender!"
RAID: Shadow Legends | Choose Your Champion | Boss Beginnings (Official Commercial),RAID: Garbage Legends
RAID: Shadow Legends | Choose Your Champion | Fired! (Official Commercial),~KEEP These Rares!~ **NOT FOOD** (RAID: Shadow Legends)
RAID: Shadow Legends | Choose Your Champion | Fired! (Official Commercial),RAID: Shadow Legends | Choose Your Champion | Boss Beginnings (Official Commercial)
RAID: Shadow Legends | Choose Your Champion | Fired! (Official Commercial),*5* Tips to get ~STRONGER QUICKLY~ in Raid Shadow Legends
RAID: Shadow Legends | Choose Your Champion | Fired! (Official Commercial),ARMIGERS TEAM SPIDER 20 | 4 UNCOMMONS TEAM | RAID SHADOW LEGENDS
RAID: Shadow Legends | Choose Your Champion | Fired! (Official Commercial),46X SACRED SHARDS !!... HOW MANY LEGENDARIES !? | 2x Sacred Event ! | RAID: Shadow Legends
RAID: Shadow Legends | Choose Your Champion | Fired! (Official Commercial),~EASIEST WAY~ to 6* Star a Champion in RAID: Shadow Legends (8 Step Method)
RAID: Shadow Legends | Choose Your Champion | Fired! (Official Commercial),RAID: Shadow Legends | Champion Therapy | Let It All Out (Official Commercial)
RAID: Shadow Legends | Choose Your Champion | Fired! (Official Commercial),"Tips & Important Info for ~ACCOUNT LEVELS~ in RAID: Shadow Legends (250,000+ Energy for Lvl 100)"
RAID: Shadow Legends | Choose Your Champion | Fired! (Official Commercial),RAID: Shadow Legends | Mean Comments | Deathknight & Galek (Official Commercial)
RAID: Shadow Legends | Choose Your Champion | Fired! (Official Commercial),Best & Worst Ways to Get Good Artifacts in Raid Shadow Legends
RAID: Shadow Legends | Choose Your Champion | Fired! (Official Commercial),RAID: Shadow Legends | Champion Spotlight | Maulie Tankard
RAID: Shadow Legends | Choose Your Champion | Fired! (Official Commercial),Top 5 Reasons To QUIT RAID: Shadow Legends
RAID: Shadow Legends | Choose Your Champion | Fired! (Official Commercial),THE BIGGEST SHARD OPENING YET - RAID: Shadow Legends - Episode 43
RAID: Shadow Legends | Choose Your Champion | Fired! (Official Commercial),RAID: Shadow Legends | Choose Your Champion | Fired! (Official Commercial)
RAID: Shadow Legends | Choose Your Champion | Fired! (Official Commercial),RAID: Shadow Legends | HE WHALED TOOOO HARD!
RAID: Shadow Legends | Choose Your Champion | Fired! (Official Commercial),Top 5 Champions for EVERY Dungeon (Non Legendary)
RAID: Shadow Legends | Choose Your Champion | Fired! (Official Commercial),"RAID: Shadow Legends | 3 Ways to win in the arena, Cleave, Tactical Nuke and blender!"
RAID: Shadow Legends | Choose Your Champion | Fired! (Official Commercial),RAID: Garbage Legends
RAID: Shadow Legends | In Treatment | Galek - Who am I? (Official Commercial),~KEEP These Rares!~ **NOT FOOD** (RAID: Shadow Legends)
RAID: Shadow Legends | In Treatment | Galek - Who am I? (Official Commercial),RAID: Shadow Legends | Choose Your Champion | Boss Beginnings (Official Commercial)
RAID: Shadow Legends | In Treatment | Galek - Who am I? (Official Commercial),*5* Tips to get ~STRONGER QUICKLY~ in Raid Shadow Legends
RAID: Shadow Legends | In Treatment | Galek - Who am I? (Official Commercial),ARMIGERS TEAM SPIDER 20 | 4 UNCOMMONS TEAM | RAID SHADOW LEGENDS
RAID: Shadow Legends | In Treatment | Galek - Who am I? (Official Commercial),46X SACRED SHARDS !!... HOW MANY LEGENDARIES !? | 2x Sacred Event ! | RAID: Shadow Legends
RAID: Shadow Legends | In Treatment | Galek - Who am I? (Official Commercial),~EASIEST WAY~ to 6* Star a Champion in RAID: Shadow Legends (8 Step Method)
RAID: Shadow Legends | In Treatment | Galek - Who am I? (Official Commercial),RAID: Shadow Legends | Champion Therapy | Let It All Out (Official Commercial)
RAID: Shadow Legends | In Treatment | Galek - Who am I? (Official Commercial),"Tips & Important Info for ~ACCOUNT LEVELS~ in RAID: Shadow Legends (250,000+ Energy for Lvl 100)"
RAID: Shadow Legends | In Treatment | Galek - Who am I? (Official Commercial),RAID: Shadow Legends | Mean Comments | Deathknight & Galek (Official Commercial)
RAID: Shadow Legends | In Treatment | Galek - Who am I? (Official Commercial),Best & Worst Ways to Get Good Artifacts in Raid Shadow Legends
RAID: Shadow Legends | In Treatment | Galek - Who am I? (Official Commercial),RAID: Shadow Legends | Champion Spotlight | Maulie Tankard
RAID: Shadow Legends | In Treatment | Galek - Who am I? (Official Commercial),Top 5 Reasons To QUIT RAID: Shadow Legends
RAID: Shadow Legends | In Treatment | Galek - Who am I? (Official Commercial),THE BIGGEST SHARD OPENING YET - RAID: Shadow Legends - Episode 43
RAID: Shadow Legends | In Treatment | Galek - Who am I? (Official Commercial),RAID: Shadow Legends | Choose Your Champion | Fired! (Official Commercial)
RAID: Shadow Legends | In Treatment | Galek - Who am I? (Official Commercial),RAID: Shadow Legends | HE WHALED TOOOO HARD!
RAID: Shadow Legends | In Treatment | Galek - Who am I? (Official Commercial),Top 5 Champions for EVERY Dungeon (Non Legendary)
RAID: Shadow Legends | In Treatment | Galek - Who am I? (Official Commercial),"RAID: Shadow Legends | 3 Ways to win in the arena, Cleave, Tactical Nuke and blender!"
RAID: Shadow Legends | In Treatment | Galek - Who am I? (Official Commercial),RAID: Garbage Legends
RAID: Shadow Legends | Get Ready To Raid (Official Commercial),~KEEP These Rares!~ **NOT FOOD** (RAID: Shadow Legends)
RAID: Shadow Legends | Get Ready To Raid (Official Commercial),RAID: Shadow Legends | Choose Your Champion | Boss Beginnings (Official Commercial)
RAID: Shadow Legends | Get Ready To Raid (Official Commercial),*5* Tips to get ~STRONGER QUICKLY~ in Raid Shadow Legends
RAID: Shadow Legends | Get Ready To Raid (Official Commercial),ARMIGERS TEAM SPIDER 20 | 4 UNCOMMONS TEAM | RAID SHADOW LEGENDS
RAID: Shadow Legends | Get Ready To Raid (Official Commercial),46X SACRED SHARDS !!... HOW MANY LEGENDARIES !? | 2x Sacred Event ! | RAID: Shadow Legends
RAID: Shadow Legends | Get Ready To Raid (Official Commercial),~EASIEST WAY~ to 6* Star a Champion in RAID: Shadow Legends (8 Step Method)
RAID: Shadow Legends | Get Ready To Raid (Official Commercial),RAID: Shadow Legends | Champion Therapy | Let It All Out (Official Commercial)
RAID: Shadow Legends | Get Ready To Raid (Official Commercial),"Tips & Important Info for ~ACCOUNT LEVELS~ in RAID: Shadow Legends (250,000+ Energy for Lvl 100)"
RAID: Shadow Legends | Get Ready To Raid (Official Commercial),RAID: Shadow Legends | Mean Comments | Deathknight & Galek (Official Commercial)
RAID: Shadow Legends | Get Ready To Raid (Official Commercial),Best & Worst Ways to Get Good Artifacts in Raid Shadow Legends
RAID: Shadow Legends | Get Ready To Raid (Official Commercial),RAID: Shadow Legends | Champion Spotlight | Maulie Tankard
RAID: Shadow Legends | Get Ready To Raid (Official Commercial),Top 5 Reasons To QUIT RAID: Shadow Legends
RAID: Shadow Legends | Get Ready To Raid (Official Commercial),THE BIGGEST SHARD OPENING YET - RAID: Shadow Legends - Episode 43
RAID: Shadow Legends | Get Ready To Raid (Official Commercial),RAID: Shadow Legends | Choose Your Champion | Fired! (Official Commercial)
RAID: Shadow Legends | Get Ready To Raid (Official Commercial),RAID: Shadow Legends | HE WHALED TOOOO HARD!
RAID: Shadow Legends | Get Ready To Raid (Official Commercial),Top 5 Champions for EVERY Dungeon (Non Legendary)
RAID: Shadow Legends | Get Ready To Raid (Official Commercial),"RAID: Shadow Legends | 3 Ways to win in the arena, Cleave, Tactical Nuke and blender!"
RAID: Shadow Legends | Get Ready To Raid (Official Commercial),RAID: Garbage Legends
Raid: Shadow Legends | In Treatment | Feeling Stuck (Official Commercial),~KEEP These Rares!~ **NOT FOOD** (RAID: Shadow Legends)
Raid: Shadow Legends | In Treatment | Feeling Stuck (Official Commercial),RAID: Shadow Legends | Choose Your Champion | Boss Beginnings (Official Commercial)
Raid: Shadow Legends | In Treatment | Feeling Stuck (Official Commercial),*5* Tips to get ~STRONGER QUICKLY~ in Raid Shadow Legends
Raid: Shadow Legends | In Treatment | Feeling Stuck (Official Commercial),ARMIGERS TEAM SPIDER 20 | 4 UNCOMMONS TEAM | RAID SHADOW LEGENDS
Raid: Shadow Legends | In Treatment | Feeling Stuck (Official Commercial),46X SACRED SHARDS !!... HOW MANY LEGENDARIES !? | 2x Sacred Event ! | RAID: Shadow Legends
Raid: Shadow Legends | In Treatment | Feeling Stuck (Official Commercial),~EASIEST WAY~ to 6* Star a Champion in RAID: Shadow Legends (8 Step Method)
Raid: Shadow Legends | In Treatment | Feeling Stuck (Official Commercial),RAID: Shadow Legends | Champion Therapy | Let It All Out (Official Commercial)
Raid: Shadow Legends | In Treatment | Feeling Stuck (Official Commercial),"Tips & Important Info for ~ACCOUNT LEVELS~ in RAID: Shadow Legends (250,000+ Energy for Lvl 100)"
Raid: Shadow Legends | In Treatment | Feeling Stuck (Official Commercial),RAID: Shadow Legends | Mean Comments | Deathknight & Galek (Official Commercial)
Raid: Shadow Legends | In Treatment | Feeling Stuck (Official Commercial),Best & Worst Ways to Get Good Artifacts in Raid Shadow Legends
Raid: Shadow Legends | In Treatment | Feeling Stuck (Official Commercial),RAID: Shadow Legends | Champion Spotlight | Maulie Tankard
Raid: Shadow Legends | In Treatment | Feeling Stuck (Official Commercial),Top 5 Reasons To QUIT RAID: Shadow Legends
Raid: Shadow Legends | In Treatment | Feeling Stuck (Official Commercial),THE BIGGEST SHARD OPENING YET - RAID: Shadow Legends - Episode 43
Raid: Shadow Legends | In Treatment | Feeling Stuck (Official Commercial),RAID: Shadow Legends | Choose Your Champion | Fired! (Official Commercial)
Raid: Shadow Legends | In Treatment | Feeling Stuck (Official Commercial),RAID: Shadow Legends | HE WHALED TOOOO HARD!
Raid: Shadow Legends | In Treatment | Feeling Stuck (Official Commercial),Top 5 Champions for EVERY Dungeon (Non Legendary)
Raid: Shadow Legends | In Treatment | Feeling Stuck (Official Commercial),"RAID: Shadow Legends | 3 Ways to win in the arena, Cleave, Tactical Nuke and blender!"
Raid: Shadow Legends | In Treatment | Feeling Stuck (Official Commercial),RAID: Garbage Legends
RAID: Shadow Legends | Group Therapy | Champions Together (Official Commercial),~KEEP These Rares!~ **NOT FOOD** (RAID: Shadow Legends)
RAID: Shadow Legends | Group Therapy | Champions Together (Official Commercial),RAID: Shadow Legends | Choose Your Champion | Boss Beginnings (Official Commercial)
RAID: Shadow Legends | Group Therapy | Champions Together (Official Commercial),*5* Tips to get ~STRONGER QUICKLY~ in Raid Shadow Legends
RAID: Shadow Legends | Group Therapy | Champions Together (Official Commercial),ARMIGERS TEAM SPIDER 20 | 4 UNCOMMONS TEAM | RAID SHADOW LEGENDS
RAID: Shadow Legends | Group Therapy | Champions Together (Official Commercial),46X SACRED SHARDS !!... HOW MANY LEGENDARIES !? | 2x Sacred Event ! | RAID: Shadow Legends
RAID: Shadow Legends | Group Therapy | Champions Together (Official Commercial),~EASIEST WAY~ to 6* Star a Champion in RAID: Shadow Legends (8 Step Method)
RAID: Shadow Legends | Group Therapy | Champions Together (Official Commercial),RAID: Shadow Legends | Champion Therapy | Let It All Out (Official Commercial)
RAID: Shadow Legends | Group Therapy | Champions Together (Official Commercial),"Tips & Important Info for ~ACCOUNT LEVELS~ in RAID: Shadow Legends (250,000+ Energy for Lvl 100)"
RAID: Shadow Legends | Group Therapy | Champions Together (Official Commercial),RAID: Shadow Legends | Mean Comments | Deathknight & Galek (Official Commercial)
RAID: Shadow Legends | Group Therapy | Champions Together (Official Commercial),Best & Worst Ways to Get Good Artifacts in Raid Shadow Legends
RAID: Shadow Legends | Group Therapy | Champions Together (Official Commercial),RAID: Shadow Legends | Champion Spotlight | Maulie Tankard
RAID: Shadow Legends | Group Therapy | Champions Together (Official Commercial),Top 5 Reasons To QUIT RAID: Shadow Legends
RAID: Shadow Legends | Group Therapy | Champions Together (Official Commercial),THE BIGGEST SHARD OPENING YET - RAID: Shadow Legends - Episode 43
RAID: Shadow Legends | Group Therapy | Champions Together (Official Commercial),RAID: Shadow Legends | Choose Your Champion | Fired! (Official Commercial)
RAID: Shadow Legends | Group Therapy | Champions Together (Official Commercial),RAID: Shadow Legends | HE WHALED TOOOO HARD!
RAID: Shadow Legends | Group Therapy | Champions Together (Official Commercial),Top 5 Champions for EVERY Dungeon (Non Legendary)
RAID: Shadow Legends | Group Therapy | Champions Together (Official Commercial),"RAID: Shadow Legends | 3 Ways to win in the arena, Cleave, Tactical Nuke and blender!"
RAID: Shadow Legends | Group Therapy | Champions Together (Official Commercial),RAID: Garbage Legends
RAID: Shadow Legends | Champion Therapy | No One Is Worthless (Official Commercial),~KEEP These Rares!~ **NOT FOOD** (RAID: Shadow Legends)
RAID: Shadow Legends | Champion Therapy | No One Is Worthless (Official Commercial),RAID: Shadow Legends | Choose Your Champion | Boss Beginnings (Official Commercial)
RAID: Shadow Legends | Champion Therapy | No One Is Worthless (Official Commercial),*5* Tips to get ~STRONGER QUICKLY~ in Raid Shadow Legends
RAID: Shadow Legends | Champion Therapy | No One Is Worthless (Official Commercial),ARMIGERS TEAM SPIDER 20 | 4 UNCOMMONS TEAM | RAID SHADOW LEGENDS
RAID: Shadow Legends | Champion Therapy | No One Is Worthless (Official Commercial),46X SACRED SHARDS !!... HOW MANY LEGENDARIES !? | 2x Sacred Event ! | RAID: Shadow Legends
RAID: Shadow Legends | Champion Therapy | No One Is Worthless (Official Commercial),~EASIEST WAY~ to 6* Star a Champion in RAID: Shadow Legends (8 Step Method)
RAID: Shadow Legends | Champion Therapy | No One Is Worthless (Official Commercial),RAID: Shadow Legends | Champion Therapy | Let It All Out (Official Commercial)
RAID: Shadow Legends | Champion Therapy | No One Is Worthless (Official Commercial),"Tips & Important Info for ~ACCOUNT LEVELS~ in RAID: Shadow Legends (250,000+ Energy for Lvl 100)"
RAID: Shadow Legends | Champion Therapy | No One Is Worthless (Official Commercial),RAID: Shadow Legends | Mean Comments | Deathknight & Galek (Official Commercial)
RAID: Shadow Legends | Champion Therapy | No One Is Worthless (Official Commercial),Best & Worst Ways to Get Good Artifacts in Raid Shadow Legends
RAID: Shadow Legends | Champion Therapy | No One Is Worthless (Official Commercial),RAID: Shadow Legends | Champion Spotlight | Maulie Tankard
RAID: Shadow Legends | Champion Therapy | No One Is Worthless (Official Commercial),Top 5 Reasons To QUIT RAID: Shadow Legends
RAID: Shadow Legends | Champion Therapy | No One Is Worthless (Official Commercial),THE BIGGEST SHARD OPENING YET - RAID: Shadow Legends - Episode 43
RAID: Shadow Legends | Champion Therapy | No One Is Worthless (Official Commercial),RAID: Shadow Legends | Choose Your Champion | Fired! (Official Commercial)
RAID: Shadow Legends | Champion Therapy | No One Is Worthless (Official Commercial),RAID: Shadow Legends | HE WHALED TOOOO HARD!
RAID: Shadow Legends | Champion Therapy | No One Is Worthless (Official Commercial),Top 5 Champions for EVERY Dungeon (Non Legendary)
RAID: Shadow Legends | Champion Therapy | No One Is Worthless (Official Commercial),"RAID: Shadow Legends | 3 Ways to win in the arena, Cleave, Tactical Nuke and blender!"
RAID: Shadow Legends | Champion Therapy | No One Is Worthless (Official Commercial),RAID: Garbage Legends
RAID: Shadow Legends | Plarium Play | Play Raid on PC & Mac (Official Announcement),~KEEP These Rares!~ **NOT FOOD** (RAID: Shadow Legends)
RAID: Shadow Legends | Plarium Play | Play Raid on PC & Mac (Official Announcement),RAID: Shadow Legends | Choose Your Champion | Boss Beginnings (Official Commercial)
RAID: Shadow Legends | Plarium Play | Play Raid on PC & Mac (Official Announcement),*5* Tips to get ~STRONGER QUICKLY~ in Raid Shadow Legends
RAID: Shadow Legends | Plarium Play | Play Raid on PC & Mac (Official Announcement),ARMIGERS TEAM SPIDER 20 | 4 UNCOMMONS TEAM | RAID SHADOW LEGENDS
RAID: Shadow Legends | Plarium Play | Play Raid on PC & Mac (Official Announcement),46X SACRED SHARDS !!... HOW MANY LEGENDARIES !? | 2x Sacred Event ! | RAID: Shadow Legends
RAID: Shadow Legends | Plarium Play | Play Raid on PC & Mac (Official Announcement),~EASIEST WAY~ to 6* Star a Champion in RAID: Shadow Legends (8 Step Method)
RAID: Shadow Legends | Plarium Play | Play Raid on PC & Mac (Official Announcement),RAID: Shadow Legends | Champion Therapy | Let It All Out (Official Commercial)
RAID: Shadow Legends | Plarium Play | Play Raid on PC & Mac (Official Announcement),"Tips & Important Info for ~ACCOUNT LEVELS~ in RAID: Shadow Legends (250,000+ Energy for Lvl 100)"
RAID: Shadow Legends | Plarium Play | Play Raid on PC & Mac (Official Announcement),RAID: Shadow Legends | Mean Comments | Deathknight & Galek (Official Commercial)
RAID: Shadow Legends | Plarium Play | Play Raid on PC & Mac (Official Announcement),Best & Worst Ways to Get Good Artifacts in Raid Shadow Legends
RAID: Shadow Legends | Plarium Play | Play Raid on PC & Mac (Official Announcement),RAID: Shadow Legends | Champion Spotlight | Maulie Tankard
RAID: Shadow Legends | Plarium Play | Play Raid on PC & Mac (Official Announcement),Top 5 Reasons To QUIT RAID: Shadow Legends
RAID: Shadow Legends | Plarium Play | Play Raid on PC & Mac (Official Announcement),THE BIGGEST SHARD OPENING YET - RAID: Shadow Legends - Episode 43
RAID: Shadow Legends | Plarium Play | Play Raid on PC & Mac (Official Announcement),RAID: Shadow Legends | Choose Your Champion | Fired! (Official Commercial)
RAID: Shadow Legends | Plarium Play | Play Raid on PC & Mac (Official Announcement),RAID: Shadow Legends | HE WHALED TOOOO HARD!
RAID: Shadow Legends | Plarium Play | Play Raid on PC & Mac (Official Announcement),Top 5 Champions for EVERY Dungeon (Non Legendary)
RAID: Shadow Legends | Plarium Play | Play Raid on PC & Mac (Official Announcement),"RAID: Shadow Legends | 3 Ways to win in the arena, Cleave, Tactical Nuke and blender!"
RAID: Shadow Legends | Plarium Play | Play Raid on PC & Mac (Official Announcement),RAID: Garbage Legends
RAID: Shadow Legends | Choose Your Champion | Find The Right One (Official Commercial),~KEEP These Rares!~ **NOT FOOD** (RAID: Shadow Legends)
RAID: Shadow Legends | Choose Your Champion | Find The Right One (Official Commercial),RAID: Shadow Legends | Choose Your Champion | Boss Beginnings (Official Commercial)
RAID: Shadow Legends | Choose Your Champion | Find The Right One (Official Commercial),*5* Tips to get ~STRONGER QUICKLY~ in Raid Shadow Legends
RAID: Shadow Legends | Choose Your Champion | Find The Right One (Official Commercial),ARMIGERS TEAM SPIDER 20 | 4 UNCOMMONS TEAM | RAID SHADOW LEGENDS
RAID: Shadow Legends | Choose Your Champion | Find The Right One (Official Commercial),46X SACRED SHARDS !!... HOW MANY LEGENDARIES !? | 2x Sacred Event ! | RAID: Shadow Legends
RAID: Shadow Legends | Choose Your Champion | Find The Right One (Official Commercial),~EASIEST WAY~ to 6* Star a Champion in RAID: Shadow Legends (8 Step Method)
RAID: Shadow Legends | Choose Your Champion | Find The Right One (Official Commercial),RAID: Shadow Legends | Champion Therapy | Let It All Out (Official Commercial)
RAID: Shadow Legends | Choose Your Champion | Find The Right One (Official Commercial),"Tips & Important Info for ~ACCOUNT LEVELS~ in RAID: Shadow Legends (250,000+ Energy for Lvl 100)"
RAID: Shadow Legends | Choose Your Champion | Find The Right One (Official Commercial),RAID: Shadow Legends | Mean Comments | Deathknight & Galek (Official Commercial)
RAID: Shadow Legends | Choose Your Champion | Find The Right One (Official Commercial),Best & Worst Ways to Get Good Artifacts in Raid Shadow Legends
RAID: Shadow Legends | Choose Your Champion | Find The Right One (Official Commercial),RAID: Shadow Legends | Champion Spotlight | Maulie Tankard
RAID: Shadow Legends | Choose Your Champion | Find The Right One (Official Commercial),Top 5 Reasons To QUIT RAID: Shadow Legends
RAID: Shadow Legends | Choose Your Champion | Find The Right One (Official Commercial),THE BIGGEST SHARD OPENING YET - RAID: Shadow Legends - Episode 43
RAID: Shadow Legends | Choose Your Champion | Find The Right One (Official Commercial),RAID: Shadow Legends | Choose Your Champion | Fired! (Official Commercial)
RAID: Shadow Legends | Choose Your Champion | Find The Right One (Official Commercial),RAID: Shadow Legends | HE WHALED TOOOO HARD!
RAID: Shadow Legends | Choose Your Champion | Find The Right One (Official Commercial),Top 5 Champions for EVERY Dungeon (Non Legendary)
RAID: Shadow Legends | Choose Your Champion | Find The Right One (Official Commercial),"RAID: Shadow Legends | 3 Ways to win in the arena, Cleave, Tactical Nuke and blender!"
RAID: Shadow Legends | Choose Your Champion | Find The Right One (Official Commercial),RAID: Garbage Legends
RAID: Shadow Legends | Mean Comments | Deathknight & Galek (Official Commercial),~KEEP These Rares!~ **NOT FOOD** (RAID: Shadow Legends)
RAID: Shadow Legends | Mean Comments | Deathknight & Galek (Official Commercial),RAID: Shadow Legends | Choose Your Champion | Boss Beginnings (Official Commercial)
RAID: Shadow Legends | Mean Comments | Deathknight & Galek (Official Commercial),*5* Tips to get ~STRONGER QUICKLY~ in Raid Shadow Legends
RAID: Shadow Legends | Mean Comments | Deathknight & Galek (Official Commercial),ARMIGERS TEAM SPIDER 20 | 4 UNCOMMONS TEAM | RAID SHADOW LEGENDS
RAID: Shadow Legends | Mean Comments | Deathknight & Galek (Official Commercial),46X SACRED SHARDS !!... HOW MANY LEGENDARIES !? | 2x Sacred Event ! | RAID: Shadow Legends
RAID: Shadow Legends | Mean Comments | Deathknight & Galek (Official Commercial),~EASIEST WAY~ to 6* Star a Champion in RAID: Shadow Legends (8 Step Method)
RAID: Shadow Legends | Mean Comments | Deathknight & Galek (Official Commercial),RAID: Shadow Legends | Champion Therapy | Let It All Out (Official Commercial)
RAID: Shadow Legends | Mean Comments | Deathknight & Galek (Official Commercial),"Tips & Important Info for ~ACCOUNT LEVELS~ in RAID: Shadow Legends (250,000+ Energy for Lvl 100)"
RAID: Shadow Legends | Mean Comments | Deathknight & Galek (Official Commercial),RAID: Shadow Legends | Mean Comments | Deathknight & Galek (Official Commercial)
RAID: Shadow Legends | Mean Comments | Deathknight & Galek (Official Commercial),Best & Worst Ways to Get Good Artifacts in Raid Shadow Legends
RAID: Shadow Legends | Mean Comments | Deathknight & Galek (Official Commercial),RAID: Shadow Legends | Champion Spotlight | Maulie Tankard
RAID: Shadow Legends | Mean Comments | Deathknight & Galek (Official Commercial),Top 5 Reasons To QUIT RAID: Shadow Legends
RAID: Shadow Legends | Mean Comments | Deathknight & Galek (Official Commercial),THE BIGGEST SHARD OPENING YET - RAID: Shadow Legends - Episode 43
RAID: Shadow Legends | Mean Comments | Deathknight & Galek (Official Commercial),RAID: Shadow Legends | Choose Your Champion | Fired! (Official Commercial)
RAID: Shadow Legends | Mean Comments | Deathknight & Galek (Official Commercial),RAID: Shadow Legends | HE WHALED TOOOO HARD!
RAID: Shadow Legends | Mean Comments | Deathknight & Galek (Official Commercial),Top 5 Champions for EVERY Dungeon (Non Legendary)
RAID: Shadow Legends | Mean Comments | Deathknight & Galek (Official Commercial),"RAID: Shadow Legends | 3 Ways to win in the arena, Cleave, Tactical Nuke and blender!"
RAID: Shadow Legends | Mean Comments | Deathknight & Galek (Official Commercial),RAID: Garbage Legends
RAID: Shadow Legends | Champion Therapy | Let It All Out (Official Commercial),~KEEP These Rares!~ **NOT FOOD** (RAID: Shadow Legends)
RAID: Shadow Legends | Champion Therapy | Let It All Out (Official Commercial),RAID: Shadow Legends | Choose Your Champion | Boss Beginnings (Official Commercial)
RAID: Shadow Legends | Champion Therapy | Let It All Out (Official Commercial),*5* Tips to get ~STRONGER QUICKLY~ in Raid Shadow Legends
RAID: Shadow Legends | Champion Therapy | Let It All Out (Official Commercial),ARMIGERS TEAM SPIDER 20 | 4 UNCOMMONS TEAM | RAID SHADOW LEGENDS
RAID: Shadow Legends | Champion Therapy | Let It All Out (Official Commercial),46X SACRED SHARDS !!... HOW MANY LEGENDARIES !? | 2x Sacred Event ! | RAID: Shadow Legends
RAID: Shadow Legends | Champion Therapy | Let It All Out (Official Commercial),~EASIEST WAY~ to 6* Star a Champion in RAID: Shadow Legends (8 Step Method)
RAID: Shadow Legends | Champion Therapy | Let It All Out (Official Commercial),RAID: Shadow Legends | Champion Therapy | Let It All Out (Official Commercial)
RAID: Shadow Legends | Champion Therapy | Let It All Out (Official Commercial),"Tips & Important Info for ~ACCOUNT LEVELS~ in RAID: Shadow Legends (250,000+ Energy for Lvl 100)"
RAID: Shadow Legends | Champion Therapy | Let It All Out (Official Commercial),RAID: Shadow Legends | Mean Comments | Deathknight & Galek (Official Commercial)
RAID: Shadow Legends | Champion Therapy | Let It All Out (Official Commercial),Best & Worst Ways to Get Good Artifacts in Raid Shadow Legends
RAID: Shadow Legends | Champion Therapy | Let It All Out (Official Commercial),RAID: Shadow Legends | Champion Spotlight | Maulie Tankard
RAID: Shadow Legends | Champion Therapy | Let It All Out (Official Commercial),Top 5 Reasons To QUIT RAID: Shadow Legends
RAID: Shadow Legends | Champion Therapy | Let It All Out (Official Commercial),THE BIGGEST SHARD OPENING YET - RAID: Shadow Legends - Episode 43
RAID: Shadow Legends | Champion Therapy | Let It All Out (Official Commercial),RAID: Shadow Legends | Choose Your Champion | Fired! (Official Commercial)
RAID: Shadow Legends | Champion Therapy | Let It All Out (Official Commercial),RAID: Shadow Legends | HE WHALED TOOOO HARD!
RAID: Shadow Legends | Champion Therapy | Let It All Out (Official Commercial),Top 5 Champions for EVERY Dungeon (Non Legendary)
RAID: Shadow Legends | Champion Therapy | Let It All Out (Official Commercial),"RAID: Shadow Legends | 3 Ways to win in the arena, Cleave, Tactical Nuke and blender!"
RAID: Shadow Legends | Champion Therapy | Let It All Out (Official Commercial),RAID: Garbage Legends
RAID: Shadow Legends | Champion or Boss? | Turvold’s Tryout (Official Commercial),~KEEP These Rares!~ **NOT FOOD** (RAID: Shadow Legends)
RAID: Shadow Legends | Champion or Boss? | Turvold’s Tryout (Official Commercial),RAID: Shadow Legends | Choose Your Champion | Boss Beginnings (Official Commercial)
RAID: Shadow Legends | Champion or Boss? | Turvold’s Tryout (Official Commercial),*5* Tips to get ~STRONGER QUICKLY~ in Raid Shadow Legends
RAID: Shadow Legends | Champion or Boss? | Turvold’s Tryout (Official Commercial),ARMIGERS TEAM SPIDER 20 | 4 UNCOMMONS TEAM | RAID SHADOW LEGENDS
RAID: Shadow Legends | Champion or Boss? | Turvold’s Tryout (Official Commercial),46X SACRED SHARDS !!... HOW MANY LEGENDARIES !? | 2x Sacred Event ! | RAID: Shadow Legends
RAID: Shadow Legends | Champion or Boss? | Turvold’s Tryout (Official Commercial),~EASIEST WAY~ to 6* Star a Champion in RAID: Shadow Legends (8 Step Method)
RAID: Shadow Legends | Champion or Boss? | Turvold’s Tryout (Official Commercial),RAID: Shadow Legends | Champion Therapy | Let It All Out (Official Commercial)
RAID: Shadow Legends | Champion or Boss? | Turvold’s Tryout (Official Commercial),"Tips & Important Info for ~ACCOUNT LEVELS~ in RAID: Shadow Legends (250,000+ Energy for Lvl 100)"
RAID: Shadow Legends | Champion or Boss? | Turvold’s Tryout (Official Commercial),RAID: Shadow Legends | Mean Comments | Deathknight & Galek (Official Commercial)
RAID: Shadow Legends | Champion or Boss? | Turvold’s Tryout (Official Commercial),Best & Worst Ways to Get Good Artifacts in Raid Shadow Legends
RAID: Shadow Legends | Champion or Boss? | Turvold’s Tryout (Official Commercial),RAID: Shadow Legends | Champion Spotlight | Maulie Tankard
RAID: Shadow Legends | Champion or Boss? | Turvold’s Tryout (Official Commercial),Top 5 Reasons To QUIT RAID: Shadow Legends
RAID: Shadow Legends | Champion or Boss? | Turvold’s Tryout (Official Commercial),THE BIGGEST SHARD OPENING YET - RAID: Shadow Legends - Episode 43
RAID: Shadow Legends | Champion or Boss? | Turvold’s Tryout (Official Commercial),RAID: Shadow Legends | Choose Your Champion | Fired! (Official Commercial)
RAID: Shadow Legends | Champion or Boss? | Turvold’s Tryout (Official Commercial),RAID: Shadow Legends | HE WHALED TOOOO HARD!
RAID: Shadow Legends | Champion or Boss? | Turvold’s Tryout (Official Commercial),Top 5 Champions for EVERY Dungeon (Non Legendary)
RAID: Shadow Legends | Champion or Boss? | Turvold’s Tryout (Official Commercial),"RAID: Shadow Legends | 3 Ways to win in the arena, Cleave, Tactical Nuke and blender!"
RAID: Shadow Legends | Champion or Boss? | Turvold’s Tryout (Official Commercial),RAID: Garbage Legends
