QjDi9tWDGcg,oCymApjq6uw
QjDi9tWDGcg,-Aiw3wk-3ik
QjDi9tWDGcg,TkPGJARlXdw
QjDi9tWDGcg,2xZY2RkrRMQ
QjDi9tWDGcg,nw01uuIBROQ
QjDi9tWDGcg,qE1qLlUQEx4
QjDi9tWDGcg,fA2az38oT2k
QjDi9tWDGcg,9pcW8nesY-o
QjDi9tWDGcg,TVf1ejk_vZw
QjDi9tWDGcg,j6XRbwii8WM
QjDi9tWDGcg,In2PKh47PsI
QjDi9tWDGcg,gqG6HQEQr88
QjDi9tWDGcg,qo5mZwA1sJo
QjDi9tWDGcg,ihMy6xndCe4
QjDi9tWDGcg,bS5vCDDNqrk
QjDi9tWDGcg,daCGyZkG_38
QjDi9tWDGcg,fG126TVfTUw
QjDi9tWDGcg,vTdv_d2lF7s
9pcW8nesY-o,QjDi9tWDGcg
9pcW8nesY-o,-Aiw3wk-3ik
9pcW8nesY-o,nw01uuIBROQ
9pcW8nesY-o,iiOw0vZzCo0
9pcW8nesY-o,2xZY2RkrRMQ
9pcW8nesY-o,jdYwyRgtZ9k
9pcW8nesY-o,j6XRbwii8WM
9pcW8nesY-o,qE1qLlUQEx4
9pcW8nesY-o,4zvbLIPYIwo
9pcW8nesY-o,umAvimiRqU4
9pcW8nesY-o,oCymApjq6uw
9pcW8nesY-o,19DfRlGxfmw
9pcW8nesY-o,In2PKh47PsI
9pcW8nesY-o,fG126TVfTUw
9pcW8nesY-o,tgl4esu_368
9pcW8nesY-o,vTdv_d2lF7s
9pcW8nesY-o,qo5mZwA1sJo
9pcW8nesY-o,A_zuCnlCFl0
vTdv_d2lF7s,9pcW8nesY-o
vTdv_d2lF7s,fa6R1Dab89I
vTdv_d2lF7s,fG126TVfTUw
vTdv_d2lF7s,2xZY2RkrRMQ
vTdv_d2lF7s,QjDi9tWDGcg
vTdv_d2lF7s,In2PKh47PsI
vTdv_d2lF7s,4zvbLIPYIwo
vTdv_d2lF7s,bS5vCDDNqrk
vTdv_d2lF7s,O-pdPI9Vs9E
vTdv_d2lF7s,oCymApjq6uw
vTdv_d2lF7s,jdYwyRgtZ9k
vTdv_d2lF7s,-Aiw3wk-3ik
vTdv_d2lF7s,nw01uuIBROQ
vTdv_d2lF7s,j6XRbwii8WM
vTdv_d2lF7s,tgl4esu_368
vTdv_d2lF7s,umAvimiRqU4
vTdv_d2lF7s,PucM8RofoUk
vTdv_d2lF7s,gqG6HQEQr88
j6XRbwii8WM,QjDi9tWDGcg
j6XRbwii8WM,HE9nLWFZ6ac
j6XRbwii8WM,7Mnkyn9pk1E
j6XRbwii8WM,-Aiw3wk-3ik
j6XRbwii8WM,daCGyZkG_38
j6XRbwii8WM,4zvbLIPYIwo
j6XRbwii8WM,jdYwyRgtZ9k
j6XRbwii8WM,qE1qLlUQEx4
j6XRbwii8WM,9pcW8nesY-o
j6XRbwii8WM,oCymApjq6uw
j6XRbwii8WM,kko-rEdhg3M
j6XRbwii8WM,2xZY2RkrRMQ
j6XRbwii8WM,7_wc4Lw-llI
j6XRbwii8WM,umAvimiRqU4
j6XRbwii8WM,qo5mZwA1sJo
j6XRbwii8WM,Ho3yE7kSN6A
j6XRbwii8WM,tgl4esu_368
j6XRbwii8WM,PjMyYV97Iow
qq-MtbLkKFY,Dh0JPqkpg-8
qq-MtbLkKFY,UwLtXdMRnrk
qq-MtbLkKFY,j6XRbwii8WM
qq-MtbLkKFY,daCGyZkG_38
qq-MtbLkKFY,qE1qLlUQEx4
qq-MtbLkKFY,In2PKh47PsI
qq-MtbLkKFY,tgl4esu_368
qq-MtbLkKFY,bS5vCDDNqrk
qq-MtbLkKFY,T7Ko2lyQKvU
qq-MtbLkKFY,oCymApjq6uw
qq-MtbLkKFY,f-hGlwe8Jfk
qq-MtbLkKFY,-Aiw3wk-3ik
qq-MtbLkKFY,PW8OE-nV28s
qq-MtbLkKFY,QjDi9tWDGcg
qq-MtbLkKFY,jdYwyRgtZ9k
qq-MtbLkKFY,pSpPwfy6LUY
qq-MtbLkKFY,nw01uuIBROQ
qq-MtbLkKFY,_5r2x-lJNEs
oCymApjq6uw,9pcW8nesY-o
oCymApjq6uw,fa6R1Dab89I
oCymApjq6uw,-Aiw3wk-3ik
oCymApjq6uw,nw01uuIBROQ
oCymApjq6uw,gqG6HQEQr88
oCymApjq6uw,Dh0JPqkpg-8
oCymApjq6uw,QjDi9tWDGcg
oCymApjq6uw,4zvbLIPYIwo
oCymApjq6uw,2xZY2RkrRMQ
oCymApjq6uw,j6XRbwii8WM
oCymApjq6uw,In2PKh47PsI
oCymApjq6uw,fG126TVfTUw
oCymApjq6uw,vgDQM6Bdo-k
oCymApjq6uw,6kfIIeZcXwQ
oCymApjq6uw,qo5mZwA1sJo
oCymApjq6uw,ihMy6xndCe4
oCymApjq6uw,tgl4esu_368
oCymApjq6uw,rtA5kQyE3L8
qo5mZwA1sJo,QjDi9tWDGcg
qo5mZwA1sJo,7Mnkyn9pk1E
qo5mZwA1sJo,fa6R1Dab89I
qo5mZwA1sJo,jdYwyRgtZ9k
qo5mZwA1sJo,4zvbLIPYIwo
qo5mZwA1sJo,fG126TVfTUw
qo5mZwA1sJo,ihMy6xndCe4
qo5mZwA1sJo,nw01uuIBROQ
qo5mZwA1sJo,0WGTqhddu3I
qo5mZwA1sJo,j6XRbwii8WM
qo5mZwA1sJo,iiOw0vZzCo0
qo5mZwA1sJo,oCymApjq6uw
qo5mZwA1sJo,daCGyZkG_38
qo5mZwA1sJo,In2PKh47PsI
qo5mZwA1sJo,9pcW8nesY-o
qo5mZwA1sJo,wwtIsu_3M-g
qo5mZwA1sJo,PucM8RofoUk
qo5mZwA1sJo,TAP68CjAlYg
nw01uuIBROQ,2xZY2RkrRMQ
nw01uuIBROQ,fa6R1Dab89I
nw01uuIBROQ,j6XRbwii8WM
nw01uuIBROQ,ihMy6xndCe4
nw01uuIBROQ,7Mnkyn9pk1E
nw01uuIBROQ,iiOw0vZzCo0
nw01uuIBROQ,QjDi9tWDGcg
nw01uuIBROQ,oCymApjq6uw
nw01uuIBROQ,9pcW8nesY-o
nw01uuIBROQ,In2PKh47PsI
nw01uuIBROQ,qo5mZwA1sJo
nw01uuIBROQ,TkPGJARlXdw
nw01uuIBROQ,fG126TVfTUw
nw01uuIBROQ,5knGcX55Zuo
nw01uuIBROQ,tgl4esu_368
nw01uuIBROQ,kko-rEdhg3M
nw01uuIBROQ,vTdv_d2lF7s
nw01uuIBROQ,A_zuCnlCFl0
qMUZ-CLdZIs,In2PKh47PsI
qMUZ-CLdZIs,qE1qLlUQEx4
qMUZ-CLdZIs,TkPGJARlXdw
qMUZ-CLdZIs,T7Ko2lyQKvU
qMUZ-CLdZIs,mNrGksuYMcQ
qMUZ-CLdZIs,tgl4esu_368
qMUZ-CLdZIs,2xZY2RkrRMQ
qMUZ-CLdZIs,cEmynYuWbFE
qMUZ-CLdZIs,foe2E14h4KY
qMUZ-CLdZIs,PucM8RofoUk
qMUZ-CLdZIs,63gQmmYpg24
qMUZ-CLdZIs,kXRdLDrCEc4
qMUZ-CLdZIs,kko-rEdhg3M
qMUZ-CLdZIs,5pytDd6P8UU
qMUZ-CLdZIs,SDSa-P0HgAw
qMUZ-CLdZIs,PW8OE-nV28s
qMUZ-CLdZIs,mUAB6wEGJWQ
qMUZ-CLdZIs,YwlXV_TvLEY
2xZY2RkrRMQ,7Mnkyn9pk1E
2xZY2RkrRMQ,4zvbLIPYIwo
2xZY2RkrRMQ,fa6R1Dab89I
2xZY2RkrRMQ,OQmhLOFbRQw
2xZY2RkrRMQ,QjDi9tWDGcg
2xZY2RkrRMQ,gqG6HQEQr88
2xZY2RkrRMQ,daCGyZkG_38
2xZY2RkrRMQ,nw01uuIBROQ
2xZY2RkrRMQ,Dh0JPqkpg-8
2xZY2RkrRMQ,9pcW8nesY-o
2xZY2RkrRMQ,iiOw0vZzCo0
2xZY2RkrRMQ,fG126TVfTUw
2xZY2RkrRMQ,In2PKh47PsI
2xZY2RkrRMQ,j6XRbwii8WM
2xZY2RkrRMQ,UwLtXdMRnrk
2xZY2RkrRMQ,oCymApjq6uw
2xZY2RkrRMQ,c0J8WXxltqE
2xZY2RkrRMQ,PucM8RofoUk
4zvbLIPYIwo,j6XRbwii8WM
4zvbLIPYIwo,fa6R1Dab89I
4zvbLIPYIwo,iiOw0vZzCo0
4zvbLIPYIwo,fG126TVfTUw
4zvbLIPYIwo,Dh0JPqkpg-8
4zvbLIPYIwo,QjDi9tWDGcg
4zvbLIPYIwo,nw01uuIBROQ
4zvbLIPYIwo,daCGyZkG_38
4zvbLIPYIwo,9pcW8nesY-o
4zvbLIPYIwo,TkPGJARlXdw
4zvbLIPYIwo,tgl4esu_368
4zvbLIPYIwo,2xZY2RkrRMQ
4zvbLIPYIwo,5knGcX55Zuo
4zvbLIPYIwo,qo5mZwA1sJo
4zvbLIPYIwo,oCymApjq6uw
4zvbLIPYIwo,kko-rEdhg3M
4zvbLIPYIwo,6kfIIeZcXwQ
4zvbLIPYIwo,In2PKh47PsI
fG126TVfTUw,7Mnkyn9pk1E
fG126TVfTUw,-Aiw3wk-3ik
fG126TVfTUw,9pcW8nesY-o
fG126TVfTUw,daCGyZkG_38
fG126TVfTUw,OQmhLOFbRQw
fG126TVfTUw,gqG6HQEQr88
fG126TVfTUw,nw01uuIBROQ
fG126TVfTUw,Dh0JPqkpg-8
fG126TVfTUw,4zvbLIPYIwo
fG126TVfTUw,TkPGJARlXdw
fG126TVfTUw,UwLtXdMRnrk
fG126TVfTUw,8t0ch3AwTQw
fG126TVfTUw,qo5mZwA1sJo
fG126TVfTUw,rtA5kQyE3L8
fG126TVfTUw,naewyJA5E6A
fG126TVfTUw,zEwka8ukPcM
fG126TVfTUw,2xZY2RkrRMQ
fG126TVfTUw,5knGcX55Zuo
umAvimiRqU4,7Mnkyn9pk1E
umAvimiRqU4,9pcW8nesY-o
umAvimiRqU4,UwLtXdMRnrk
umAvimiRqU4,qE1qLlUQEx4
umAvimiRqU4,fa6R1Dab89I
umAvimiRqU4,tupFjsvWAIc
umAvimiRqU4,fG126TVfTUw
umAvimiRqU4,BzwrXpY3Q34
umAvimiRqU4,4zvbLIPYIwo
umAvimiRqU4,WdIEv7Uz62U
umAvimiRqU4,kXRdLDrCEc4
umAvimiRqU4,DU9FaCvE5UM
umAvimiRqU4,ctJzcGw8pDQ
umAvimiRqU4,vTdv_d2lF7s
umAvimiRqU4,SDSa-P0HgAw
umAvimiRqU4,3H_CDGpoShY
umAvimiRqU4,f-hGlwe8Jfk
umAvimiRqU4,xkCSQGsW3n8
